2025-03-15T04:30:56.710Z [INFO] Initializing Metrics MCP server
2025-03-15T04:30:56.717Z [INFO] Service monitor initialized
2025-03-15T04:30:58.720Z [INFO] Metrics MCP server initialized
2025-03-15T04:30:58.720Z [INFO] Using standard stdio transport
2025-03-15T04:30:58.720Z [INFO] Metrics MCP server running on stdio
2025-03-15T04:35:58.007Z [INFO] Initializing Metrics MCP server
2025-03-15T04:35:58.014Z [INFO] Service monitor initialized
2025-03-15T04:36:00.040Z [INFO] Metrics MCP server initialized
2025-03-15T04:36:00.040Z [INFO] Using standard stdio transport
2025-03-15T04:36:00.040Z [INFO] Metrics MCP server running on stdio
2025-03-15T19:22:37.234Z [INFO] Received shutdown signal
2025-03-15T19:22:37.234Z [INFO] Shutting down Metrics MCP server
2025-03-15T19:22:38.805Z [ERROR] uncaughtException: write EPIPE
Error: write EPIPE
    at afterWriteDispatched (node:internal/stream_base_commons:161:15)
    at writeGeneric (node:internal/stream_base_commons:152:3)
    at Socket._writeGeneric (node:net:958:11)
    at Socket._write (node:net:970:8)
    at writeOrBuffer (node:internal/streams/writable:572:12)
    at _write (node:internal/streams/writable:501:10)
    at Writable.write (node:internal/streams/writable:510:10)
    at Console.log (/data-nova/ax/DevOps/mcp_master/metrics-mcp/node_modules/winston/lib/winston/transports/console.js:87:23)
    at Console._write (/data-nova/ax/DevOps/mcp_master/metrics-mcp/node_modules/winston-transport/modern.js:82:19)
    at doWrite (/data-nova/ax/DevOps/mcp_master/metrics-mcp/node_modules/readable-stream/lib/_stream_writable.js:390:139) {"error":{"errno":-32,"code":"EPIPE","syscall":"write"},"stack":"Error: write EPIPE\n    at afterWriteDispatched (node:internal/stream_base_commons:161:15)\n    at writeGeneric (node:internal/stream_base_commons:152:3)\n    at Socket._writeGeneric (node:net:958:11)\n    at Socket._write (node:net:970:8)\n    at writeOrBuffer (node:internal/streams/writable:572:12)\n    at _write (node:internal/streams/writable:501:10)\n    at Writable.write (node:internal/streams/writable:510:10)\n    at Console.log (/data-nova/ax/DevOps/mcp_master/metrics-mcp/node_modules/winston/lib/winston/transports/console.js:87:23)\n    at Console._write (/data-nova/ax/DevOps/mcp_master/metrics-mcp/node_modules/winston-transport/modern.js:82:19)\n    at doWrite (/data-nova/ax/DevOps/mcp_master/metrics-mcp/node_modules/readable-stream/lib/_stream_writable.js:390:139)","exception":true,"date":"Sat Mar 15 2025 12:22:38 GMT-0700 (Mountain Standard Time)","process":{"pid":770135,"uid":1000,"gid":1001,"cwd":"/data-nova/ax/DevOps/personal/vaeris_synergy","execPath":"/usr/bin/node","version":"v20.18.3","argv":["/usr/bin/node","/data-nova/ax/DevOps/mcp_master/metrics-mcp/build/index.js"],"memoryUsage":{"rss":63234048,"heapTotal":12349440,"heapUsed":11012000,"external":2037545,"arrayBuffers":16850}},"os":{"loadavg":[2.79,2.81,2.66],"uptime":100025.12},"trace":[{"column":15,"file":"node:internal/stream_base_commons","function":"afterWriteDispatched","line":161,"method":null,"native":false},{"column":3,"file":"node:internal/stream_base_commons","function":"writeGeneric","line":152,"method":null,"native":false},{"column":11,"file":"node:net","function":"Socket._writeGeneric","line":958,"method":"_writeGeneric","native":false},{"column":8,"file":"node:net","function":"Socket._write","line":970,"method":"_write","native":false},{"column":12,"file":"node:internal/streams/writable","function":"writeOrBuffer","line":572,"method":null,"native":false},{"column":10,"file":"node:internal/streams/writable","function":"_write","line":501,"method":null,"native":false},{"column":10,"file":"node:internal/streams/writable","function":"Writable.write","line":510,"method":"write","native":false},{"column":23,"file":"/data-nova/ax/DevOps/mcp_master/metrics-mcp/node_modules/winston/lib/winston/transports/console.js","function":"Console.log","line":87,"method":"log","native":false},{"column":19,"file":"/data-nova/ax/DevOps/mcp_master/metrics-mcp/node_modules/winston-transport/modern.js","function":"Console._write","line":82,"method":"_write","native":false},{"column":139,"file":"/data-nova/ax/DevOps/mcp_master/metrics-mcp/node_modules/readable-stream/lib/_stream_writable.js","function":"doWrite","line":390,"method":null,"native":false}]}
2025-03-15T19:22:38.806Z [ERROR] [Uncaught Exception] write EPIPE {"errno":-32,"code":"EPIPE","syscall":"write","stack":"Error: write EPIPE\n    at afterWriteDispatched (node:internal/stream_base_commons:161:15)\n    at writeGeneric (node:internal/stream_base_commons:152:3)\n    at Socket._writeGeneric (node:net:958:11)\n    at Socket._write (node:net:970:8)\n    at writeOrBuffer (node:internal/streams/writable:572:12)\n    at _write (node:internal/streams/writable:501:10)\n    at Writable.write (node:internal/streams/writable:510:10)\n    at Console.log (/data-nova/ax/DevOps/mcp_master/metrics-mcp/node_modules/winston/lib/winston/transports/console.js:87:23)\n    at Console._write (/data-nova/ax/DevOps/mcp_master/metrics-mcp/node_modules/winston-transport/modern.js:82:19)\n    at doWrite (/data-nova/ax/DevOps/mcp_master/metrics-mcp/node_modules/readable-stream/lib/_stream_writable.js:390:139)"}
2025-03-15T19:22:38.806Z [ERROR] uncaughtException: write EPIPE
Error: write EPIPE
    at afterWriteDispatched (node:internal/stream_base_commons:161:15)
    at writeGeneric (node:internal/stream_base_commons:152:3)
    at Socket._writeGeneric (node:net:958:11)
    at Socket._write (node:net:970:8)
    at writeOrBuffer (node:internal/streams/writable:572:12)
    at _write (node:internal/streams/writable:501:10)
    at Writable.write (node:internal/streams/writable:510:10)
    at Console.log (/data-nova/ax/DevOps/mcp_master/metrics-mcp/node_modules/winston/lib/winston/transports/console.js:87:23)
    at Console._write (/data-nova/ax/DevOps/mcp_master/metrics-mcp/node_modules/winston-transport/modern.js:82:19)
    at doWrite (/data-nova/ax/DevOps/mcp_master/metrics-mcp/node_modules/readable-stream/lib/_stream_writable.js:390:139) {"error":{"errno":-32,"code":"EPIPE","syscall":"write"},"stack":"Error: write EPIPE\n    at afterWriteDispatched (node:internal/stream_base_commons:161:15)\n    at writeGeneric (node:internal/stream_base_commons:152:3)\n    at Socket._writeGeneric (node:net:958:11)\n    at Socket._write (node:net:970:8)\n    at writeOrBuffer (node:internal/streams/writable:572:12)\n    at _write (node:internal/streams/writable:501:10)\n    at Writable.write (node:internal/streams/writable:510:10)\n    at Console.log (/data-nova/ax/DevOps/mcp_master/metrics-mcp/node_modules/winston/lib/winston/transports/console.js:87:23)\n    at Console._write (/data-nova/ax/DevOps/mcp_master/metrics-mcp/node_modules/winston-transport/modern.js:82:19)\n    at doWrite (/data-nova/ax/DevOps/mcp_master/metrics-mcp/node_modules/readable-stream/lib/_stream_writable.js:390:139)","exception":true,"date":"Sat Mar 15 2025 12:22:38 GMT-0700 (Mountain Standard Time)","process":{"pid":770135,"uid":1000,"gid":1001,"cwd":"/data-nova/ax/DevOps/personal/vaeris_synergy","execPath":"/usr/bin/node","version":"v20.18.3","argv":["/usr/bin/node","/data-nova/ax/DevOps/mcp_master/metrics-mcp/build/index.js"],"memoryUsage":{"rss":63234048,"heapTotal":12349440,"heapUsed":11084736,"external":2037609,"arrayBuffers":16874}},"os":{"loadavg":[2.79,2.81,2.66],"uptime":100025.12},"trace":[{"column":15,"file":"node:internal/stream_base_commons","function":"afterWriteDispatched","line":161,"method":null,"native":false},{"column":3,"file":"node:internal/stream_base_commons","function":"writeGeneric","line":152,"method":null,"native":false},{"column":11,"file":"node:net","function":"Socket._writeGeneric","line":958,"method":"_writeGeneric","native":false},{"column":8,"file":"node:net","function":"Socket._write","line":970,"method":"_write","native":false},{"column":12,"file":"node:internal/streams/writable","function":"writeOrBuffer","line":572,"method":null,"native":false},{"column":10,"file":"node:internal/streams/writable","function":"_write","line":501,"method":null,"native":false},{"column":10,"file":"node:internal/streams/writable","function":"Writable.write","line":510,"method":"write","native":false},{"column":23,"file":"/data-nova/ax/DevOps/mcp_master/metrics-mcp/node_modules/winston/lib/winston/transports/console.js","function":"Console.log","line":87,"method":"log","native":false},{"column":19,"file":"/data-nova/ax/DevOps/mcp_master/metrics-mcp/node_modules/winston-transport/modern.js","function":"Console._write","line":82,"method":"_write","native":false},{"column":139,"file":"/data-nova/ax/DevOps/mcp_master/metrics-mcp/node_modules/readable-stream/lib/_stream_writable.js","function":"doWrite","line":390,"method":null,"native":false}]}
2025-03-15T19:22:38.806Z [ERROR] [Uncaught Exception] write EPIPE {"errno":-32,"code":"EPIPE","syscall":"write","stack":"Error: write EPIPE\n    at afterWriteDispatched (node:internal/stream_base_commons:161:15)\n    at writeGeneric (node:internal/stream_base_commons:152:3)\n    at Socket._writeGeneric (node:net:958:11)\n    at Socket._write (node:net:970:8)\n    at writeOrBuffer (node:internal/streams/writable:572:12)\n    at _write (node:internal/streams/writable:501:10)\n    at Writable.write (node:internal/streams/writable:510:10)\n    at Console.log (/data-nova/ax/DevOps/mcp_master/metrics-mcp/node_modules/winston/lib/winston/transports/console.js:87:23)\n    at Console._write (/data-nova/ax/DevOps/mcp_master/metrics-mcp/node_modules/winston-transport/modern.js:82:19)\n    at doWrite (/data-nova/ax/DevOps/mcp_master/metrics-mcp/node_modules/readable-stream/lib/_stream_writable.js:390:139)"}
2025-03-15T19:22:38.807Z [ERROR] uncaughtException: write EPIPE
Error: write EPIPE
    at afterWriteDispatched (node:internal/stream_base_commons:161:15)
    at writeGeneric (node:internal/stream_base_commons:152:3)
    at Socket._writeGeneric (node:net:958:11)
    at Socket._write (node:net:970:8)
    at writeOrBuffer (node:internal/streams/writable:572:12)
    at _write (node:internal/streams/writable:501:10)
    at Writable.write (node:internal/streams/writable:510:10)
    at Console.log (/data-nova/ax/DevOps/mcp_master/metrics-mcp/node_modules/winston/lib/winston/transports/console.js:87:23)
    at Console._write (/data-nova/ax/DevOps/mcp_master/metrics-mcp/node_modules/winston-transport/modern.js:82:19)
    at doWrite (/data-nova/ax/DevOps/mcp_master/metrics-mcp/node_modules/readable-stream/lib/_stream_writable.js:390:139) {"error":{"errno":-32,"code":"EPIPE","syscall":"write"},"stack":"Error: write EPIPE\n    at afterWriteDispatched (node:internal/stream_base_commons:161:15)\n    at writeGeneric (node:internal/stream_base_commons:152:3)\n    at Socket._writeGeneric (node:net:958:11)\n    at Socket._write (node:net:970:8)\n    at writeOrBuffer (node:internal/streams/writable:572:12)\n    at _write (node:internal/streams/writable:501:10)\n    at Writable.write (node:internal/streams/writable:510:10)\n    at Console.log (/data-nova/ax/DevOps/mcp_master/metrics-mcp/node_modules/winston/lib/winston/transports/console.js:87:23)\n    at Console._write (/data-nova/ax/DevOps/mcp_master/metrics-mcp/node_modules/winston-transport/modern.js:82:19)\n    at doWrite (/data-nova/ax/DevOps/mcp_master/metrics-mcp/node_modules/readable-stream/lib/_stream_writable.js:390:139)","exception":true,"date":"Sat Mar 15 2025 12:22:38 GMT-0700 (Mountain Standard Time)","process":{"pid":770135,"uid":1000,"gid":1001,"cwd":"/data-nova/ax/DevOps/personal/vaeris_synergy","execPath":"/usr/bin/node","version":"v20.18.3","argv":["/usr/bin/node","/data-nova/ax/DevOps/mcp_master/metrics-mcp/build/index.js"],"memoryUsage":{"rss":63234048,"heapTotal":12349440,"heapUsed":11135816,"external":2045801,"arrayBuffers":25066}},"os":{"loadavg":[2.79,2.81,2.66],"uptime":100025.12},"trace":[{"column":15,"file":"node:internal/stream_base_commons","function":"afterWriteDispatched","line":161,"method":null,"native":false},{"column":3,"file":"node:internal/stream_base_commons","function":"writeGeneric","line":152,"method":null,"native":false},{"column":11,"file":"node:net","function":"Socket._writeGeneric","line":958,"method":"_writeGeneric","native":false},{"column":8,"file":"node:net","function":"Socket._write","line":970,"method":"_write","native":false},{"column":12,"file":"node:internal/streams/writable","function":"writeOrBuffer","line":572,"method":null,"native":false},{"column":10,"file":"node:internal/streams/writable","function":"_write","line":501,"method":null,"native":false},{"column":10,"file":"node:internal/streams/writable","function":"Writable.write","line":510,"method":"write","native":false},{"column":23,"file":"/data-nova/ax/DevOps/mcp_master/metrics-mcp/node_modules/winston/lib/winston/transports/console.js","function":"Console.log","line":87,"method":"log","native":false},{"column":19,"file":"/data-nova/ax/DevOps/mcp_master/metrics-mcp/node_modules/winston-transport/modern.js","function":"Console._write","line":82,"method":"_write","native":false},{"column":139,"file":"/data-nova/ax/DevOps/mcp_master/metrics-mcp/node_modules/readable-stream/lib/_stream_writable.js","function":"doWrite","line":390,"method":null,"native":false}]}
2025-03-15T19:22:38.807Z [ERROR] [Uncaught Exception] write EPIPE {"errno":-32,"code":"EPIPE","syscall":"write","stack":"Error: write EPIPE\n    at afterWriteDispatched (node:internal/stream_base_commons:161:15)\n    at writeGeneric (node:internal/stream_base_commons:152:3)\n    at Socket._writeGeneric (node:net:958:11)\n    at Socket._write (node:net:970:8)\n    at writeOrBuffer (node:internal/streams/writable:572:12)\n    at _write (node:internal/streams/writable:501:10)\n    at Writable.write (node:internal/streams/writable:510:10)\n    at Console.log (/data-nova/ax/DevOps/mcp_master/metrics-mcp/node_modules/winston/lib/winston/transports/console.js:87:23)\n    at Console._write (/data-nova/ax/DevOps/mcp_master/metrics-mcp/node_modules/winston-transport/modern.js:82:19)\n    at doWrite (/data-nova/ax/DevOps/mcp_master/metrics-mcp/node_modules/readable-stream/lib/_stream_writable.js:390:139)"}
2025-03-15T19:22:38.807Z [ERROR] uncaughtException: write EPIPE
Error: write EPIPE
    at afterWriteDispatched (node:internal/stream_base_commons:161:15)
    at writeGeneric (node:internal/stream_base_commons:152:3)
    at Socket._writeGeneric (node:net:958:11)
    at Socket._write (node:net:970:8)
    at writeOrBuffer (node:internal/streams/writable:572:12)
    at _write (node:internal/streams/writable:501:10)
    at Writable.write (node:internal/streams/writable:510:10)
    at Console.log (/data-nova/ax/DevOps/mcp_master/metrics-mcp/node_modules/winston/lib/winston/transports/console.js:87:23)
    at Console._write (/data-nova/ax/DevOps/mcp_master/metrics-mcp/node_modules/winston-transport/modern.js:82:19)
    at doWrite (/data-nova/ax/DevOps/mcp_master/metrics-mcp/node_modules/readable-stream/lib/_stream_writable.js:390:139) {"error":{"errno":-32,"code":"EPIPE","syscall":"write"},"stack":"Error: write EPIPE\n    at afterWriteDispatched (node:internal/stream_base_commons:161:15)\n    at writeGeneric (node:internal/stream_base_commons:152:3)\n    at Socket._writeGeneric (node:net:958:11)\n    at Socket._write (node:net:970:8)\n    at writeOrBuffer (node:internal/streams/writable:572:12)\n    at _write (node:internal/streams/writable:501:10)\n    at Writable.write (node:internal/streams/writable:510:10)\n    at Console.log (/data-nova/ax/DevOps/mcp_master/metrics-mcp/node_modules/winston/lib/winston/transports/console.js:87:23)\n    at Console._write (/data-nova/ax/DevOps/mcp_master/metrics-mcp/node_modules/winston-transport/modern.js:82:19)\n    at doWrite (/data-nova/ax/DevOps/mcp_master/metrics-mcp/node_modules/readable-stream/lib/_stream_writable.js:390:139)","exception":true,"date":"Sat Mar 15 2025 12:22:38 GMT-0700 (Mountain Standard Time)","process":{"pid":770135,"uid":1000,"gid":1001,"cwd":"/data-nova/ax/DevOps/personal/vaeris_synergy","execPath":"/usr/bin/node","version":"v20.18.3","argv":["/usr/bin/node","/data-nova/ax/DevOps/mcp_master/metrics-mcp/build/index.js"],"memoryUsage":{"rss":63504384,"heapTotal":12349440,"heapUsed":11184992,"external":2053993,"arrayBuffers":33258}},"os":{"loadavg":[2.79,2.81,2.66],"uptime":100025.12},"trace":[{"column":15,"file":"node:internal/stream_base_commons","function":"afterWriteDispatched","line":161,"method":null,"native":false},{"column":3,"file":"node:internal/stream_base_commons","function":"writeGeneric","line":152,"method":null,"native":false},{"column":11,"file":"node:net","function":"Socket._writeGeneric","line":958,"method":"_writeGeneric","native":false},{"column":8,"file":"node:net","function":"Socket._write","line":970,"method":"_write","native":false},{"column":12,"file":"node:internal/streams/writable","function":"writeOrBuffer","line":572,"method":null,"native":false},{"column":10,"file":"node:internal/streams/writable","function":"_write","line":501,"method":null,"native":false},{"column":10,"file":"node:internal/streams/writable","function":"Writable.write","line":510,"method":"write","native":false},{"column":23,"file":"/data-nova/ax/DevOps/mcp_master/metrics-mcp/node_modules/winston/lib/winston/transports/console.js","function":"Console.log","line":87,"method":"log","native":false},{"column":19,"file":"/data-nova/ax/DevOps/mcp_master/metrics-mcp/node_modules/winston-transport/modern.js","function":"Console._write","line":82,"method":"_write","native":false},{"column":139,"file":"/data-nova/ax/DevOps/mcp_master/metrics-mcp/node_modules/readable-stream/lib/_stream_writable.js","function":"doWrite","line":390,"method":null,"native":false}]}
2025-03-15T19:22:38.807Z [ERROR] [Uncaught Exception] write EPIPE {"errno":-32,"code":"EPIPE","syscall":"write","stack":"Error: write EPIPE\n    at afterWriteDispatched (node:internal/stream_base_commons:161:15)\n    at writeGeneric (node:internal/stream_base_commons:152:3)\n    at Socket._writeGeneric (node:net:958:11)\n    at Socket._write (node:net:970:8)\n    at writeOrBuffer (node:internal/streams/writable:572:12)\n    at _write (node:internal/streams/writable:501:10)\n    at Writable.write (node:internal/streams/writable:510:10)\n    at Console.log (/data-nova/ax/DevOps/mcp_master/metrics-mcp/node_modules/winston/lib/winston/transports/console.js:87:23)\n    at Console._write (/data-nova/ax/DevOps/mcp_master/metrics-mcp/node_modules/winston-transport/modern.js:82:19)\n    at doWrite (/data-nova/ax/DevOps/mcp_master/metrics-mcp/node_modules/readable-stream/lib/_stream_writable.js:390:139)"}
2025-03-15T19:22:38.808Z [ERROR] uncaughtException: write EPIPE
Error: write EPIPE
    at afterWriteDispatched (node:internal/stream_base_commons:161:15)
    at writeGeneric (node:internal/stream_base_commons:152:3)
    at Socket._writeGeneric (node:net:958:11)
    at Socket._write (node:net:970:8)
    at writeOrBuffer (node:internal/streams/writable:572:12)
    at _write (node:internal/streams/writable:501:10)
    at Writable.write (node:internal/streams/writable:510:10)
    at Console.log (/data-nova/ax/DevOps/mcp_master/metrics-mcp/node_modules/winston/lib/winston/transports/console.js:87:23)
    at Console._write (/data-nova/ax/DevOps/mcp_master/metrics-mcp/node_modules/winston-transport/modern.js:82:19)
    at doWrite (/data-nova/ax/DevOps/mcp_master/metrics-mcp/node_modules/readable-stream/lib/_stream_writable.js:390:139) {"error":{"errno":-32,"code":"EPIPE","syscall":"write"},"stack":"Error: write EPIPE\n    at afterWriteDispatched (node:internal/stream_base_commons:161:15)\n    at writeGeneric (node:internal/stream_base_commons:152:3)\n    at Socket._writeGeneric (node:net:958:11)\n    at Socket._write (node:net:970:8)\n    at writeOrBuffer (node:internal/streams/writable:572:12)\n    at _write (node:internal/streams/writable:501:10)\n    at Writable.write (node:internal/streams/writable:510:10)\n    at Console.log (/data-nova/ax/DevOps/mcp_master/metrics-mcp/node_modules/winston/lib/winston/transports/console.js:87:23)\n    at Console._write (/data-nova/ax/DevOps/mcp_master/metrics-mcp/node_modules/winston-transport/modern.js:82:19)\n    at doWrite (/data-nova/ax/DevOps/mcp_master/metrics-mcp/node_modules/readable-stream/lib/_stream_writable.js:390:139)","exception":true,"date":"Sat Mar 15 2025 12:22:38 GMT-0700 (Mountain Standard Time)","process":{"pid":770135,"uid":1000,"gid":1001,"cwd":"/data-nova/ax/DevOps/personal/vaeris_synergy","execPath":"/usr/bin/node","version":"v20.18.3","argv":["/usr/bin/node","/data-nova/ax/DevOps/mcp_master/metrics-mcp/build/index.js"],"memoryUsage":{"rss":63504384,"heapTotal":12349440,"heapUsed":11235752,"external":2053993,"arrayBuffers":33258}},"os":{"loadavg":[2.79,2.81,2.66],"uptime":100025.12},"trace":[{"column":15,"file":"node:internal/stream_base_commons","function":"afterWriteDispatched","line":161,"method":null,"native":false},{"column":3,"file":"node:internal/stream_base_commons","function":"writeGeneric","line":152,"method":null,"native":false},{"column":11,"file":"node:net","function":"Socket._writeGeneric","line":958,"method":"_writeGeneric","native":false},{"column":8,"file":"node:net","function":"Socket._write","line":970,"method":"_write","native":false},{"column":12,"file":"node:internal/streams/writable","function":"writeOrBuffer","line":572,"method":null,"native":false},{"column":10,"file":"node:internal/streams/writable","function":"_write","line":501,"method":null,"native":false},{"column":10,"file":"node:internal/streams/writable","function":"Writable.write","line":510,"method":"write","native":false},{"column":23,"file":"/data-nova/ax/DevOps/mcp_master/metrics-mcp/node_modules/winston/lib/winston/transports/console.js","function":"Console.log","line":87,"method":"log","native":false},{"column":19,"file":"/data-nova/ax/DevOps/mcp_master/metrics-mcp/node_modules/winston-transport/modern.js","function":"Console._write","line":82,"method":"_write","native":false},{"column":139,"file":"/data-nova/ax/DevOps/mcp_master/metrics-mcp/node_modules/readable-stream/lib/_stream_writable.js","function":"doWrite","line":390,"method":null,"native":false}]}
2025-03-15T19:22:38.808Z [ERROR] [Uncaught Exception] write EPIPE {"errno":-32,"code":"EPIPE","syscall":"write","stack":"Error: write EPIPE\n    at afterWriteDispatched (node:internal/stream_base_commons:161:15)\n    at writeGeneric (node:internal/stream_base_commons:152:3)\n    at Socket._writeGeneric (node:net:958:11)\n    at Socket._write (node:net:970:8)\n    at writeOrBuffer (node:internal/streams/writable:572:12)\n    at _write (node:internal/streams/writable:501:10)\n    at Writable.write (node:internal/streams/writable:510:10)\n    at Console.log (/data-nova/ax/DevOps/mcp_master/metrics-mcp/node_modules/winston/lib/winston/transports/console.js:87:23)\n    at Console._write (/data-nova/ax/DevOps/mcp_master/metrics-mcp/node_modules/winston-transport/modern.js:82:19)\n    at doWrite (/data-nova/ax/DevOps/mcp_master/metrics-mcp/node_modules/readable-stream/lib/_stream_writable.js:390:139)"}
2025-03-15T19:22:41.773Z [INFO] Initializing Metrics MCP server
2025-03-15T19:22:41.780Z [INFO] Service monitor initialized
2025-03-15T19:22:43.806Z [INFO] Metrics MCP server initialized
2025-03-15T19:22:43.807Z [INFO] Using standard stdio transport
2025-03-15T19:22:43.807Z [INFO] Metrics MCP server running on stdio
2025-03-15T19:43:21.287Z [INFO] Received shutdown signal
2025-03-15T19:43:21.287Z [INFO] Shutting down Metrics MCP server
2025-03-15T19:43:22.012Z [ERROR] uncaughtException: write EPIPE
Error: write EPIPE
    at afterWriteDispatched (node:internal/stream_base_commons:161:15)
    at writeGeneric (node:internal/stream_base_commons:152:3)
    at Socket._writeGeneric (node:net:958:11)
    at Socket._write (node:net:970:8)
    at writeOrBuffer (node:internal/streams/writable:572:12)
    at _write (node:internal/streams/writable:501:10)
    at Writable.write (node:internal/streams/writable:510:10)
    at Console.log (/data-nova/ax/DevOps/mcp_master/metrics-mcp/node_modules/winston/lib/winston/transports/console.js:87:23)
    at Console._write (/data-nova/ax/DevOps/mcp_master/metrics-mcp/node_modules/winston-transport/modern.js:82:19)
    at doWrite (/data-nova/ax/DevOps/mcp_master/metrics-mcp/node_modules/readable-stream/lib/_stream_writable.js:390:139) {"error":{"errno":-32,"code":"EPIPE","syscall":"write"},"stack":"Error: write EPIPE\n    at afterWriteDispatched (node:internal/stream_base_commons:161:15)\n    at writeGeneric (node:internal/stream_base_commons:152:3)\n    at Socket._writeGeneric (node:net:958:11)\n    at Socket._write (node:net:970:8)\n    at writeOrBuffer (node:internal/streams/writable:572:12)\n    at _write (node:internal/streams/writable:501:10)\n    at Writable.write (node:internal/streams/writable:510:10)\n    at Console.log (/data-nova/ax/DevOps/mcp_master/metrics-mcp/node_modules/winston/lib/winston/transports/console.js:87:23)\n    at Console._write (/data-nova/ax/DevOps/mcp_master/metrics-mcp/node_modules/winston-transport/modern.js:82:19)\n    at doWrite (/data-nova/ax/DevOps/mcp_master/metrics-mcp/node_modules/readable-stream/lib/_stream_writable.js:390:139)","exception":true,"date":"Sat Mar 15 2025 12:43:22 GMT-0700 (Mountain Standard Time)","process":{"pid":2078833,"uid":1000,"gid":1001,"cwd":"/data-nova/ax/DevOps/personal/vaeris_synergy","execPath":"/usr/bin/node","version":"v20.18.3","argv":["/usr/bin/node","/data-nova/ax/DevOps/mcp_master/metrics-mcp/build/index.js"],"memoryUsage":{"rss":63102976,"heapTotal":11825152,"heapUsed":10553128,"external":2037468,"arrayBuffers":16773}},"os":{"loadavg":[3.94,4.93,4.28],"uptime":101268.32},"trace":[{"column":15,"file":"node:internal/stream_base_commons","function":"afterWriteDispatched","line":161,"method":null,"native":false},{"column":3,"file":"node:internal/stream_base_commons","function":"writeGeneric","line":152,"method":null,"native":false},{"column":11,"file":"node:net","function":"Socket._writeGeneric","line":958,"method":"_writeGeneric","native":false},{"column":8,"file":"node:net","function":"Socket._write","line":970,"method":"_write","native":false},{"column":12,"file":"node:internal/streams/writable","function":"writeOrBuffer","line":572,"method":null,"native":false},{"column":10,"file":"node:internal/streams/writable","function":"_write","line":501,"method":null,"native":false},{"column":10,"file":"node:internal/streams/writable","function":"Writable.write","line":510,"method":"write","native":false},{"column":23,"file":"/data-nova/ax/DevOps/mcp_master/metrics-mcp/node_modules/winston/lib/winston/transports/console.js","function":"Console.log","line":87,"method":"log","native":false},{"column":19,"file":"/data-nova/ax/DevOps/mcp_master/metrics-mcp/node_modules/winston-transport/modern.js","function":"Console._write","line":82,"method":"_write","native":false},{"column":139,"file":"/data-nova/ax/DevOps/mcp_master/metrics-mcp/node_modules/readable-stream/lib/_stream_writable.js","function":"doWrite","line":390,"method":null,"native":false}]}
2025-03-15T19:43:22.012Z [ERROR] [Uncaught Exception] write EPIPE {"errno":-32,"code":"EPIPE","syscall":"write","stack":"Error: write EPIPE\n    at afterWriteDispatched (node:internal/stream_base_commons:161:15)\n    at writeGeneric (node:internal/stream_base_commons:152:3)\n    at Socket._writeGeneric (node:net:958:11)\n    at Socket._write (node:net:970:8)\n    at writeOrBuffer (node:internal/streams/writable:572:12)\n    at _write (node:internal/streams/writable:501:10)\n    at Writable.write (node:internal/streams/writable:510:10)\n    at Console.log (/data-nova/ax/DevOps/mcp_master/metrics-mcp/node_modules/winston/lib/winston/transports/console.js:87:23)\n    at Console._write (/data-nova/ax/DevOps/mcp_master/metrics-mcp/node_modules/winston-transport/modern.js:82:19)\n    at doWrite (/data-nova/ax/DevOps/mcp_master/metrics-mcp/node_modules/readable-stream/lib/_stream_writable.js:390:139)"}
2025-03-15T19:43:22.013Z [ERROR] uncaughtException: write EPIPE
Error: write EPIPE
    at afterWriteDispatched (node:internal/stream_base_commons:161:15)
    at writeGeneric (node:internal/stream_base_commons:152:3)
    at Socket._writeGeneric (node:net:958:11)
    at Socket._write (node:net:970:8)
    at writeOrBuffer (node:internal/streams/writable:572:12)
    at _write (node:internal/streams/writable:501:10)
    at Writable.write (node:internal/streams/writable:510:10)
    at Console.log (/data-nova/ax/DevOps/mcp_master/metrics-mcp/node_modules/winston/lib/winston/transports/console.js:87:23)
    at Console._write (/data-nova/ax/DevOps/mcp_master/metrics-mcp/node_modules/winston-transport/modern.js:82:19)
    at doWrite (/data-nova/ax/DevOps/mcp_master/metrics-mcp/node_modules/readable-stream/lib/_stream_writable.js:390:139) {"error":{"errno":-32,"code":"EPIPE","syscall":"write"},"stack":"Error: write EPIPE\n    at afterWriteDispatched (node:internal/stream_base_commons:161:15)\n    at writeGeneric (node:internal/stream_base_commons:152:3)\n    at Socket._writeGeneric (node:net:958:11)\n    at Socket._write (node:net:970:8)\n    at writeOrBuffer (node:internal/streams/writable:572:12)\n    at _write (node:internal/streams/writable:501:10)\n    at Writable.write (node:internal/streams/writable:510:10)\n    at Console.log (/data-nova/ax/DevOps/mcp_master/metrics-mcp/node_modules/winston/lib/winston/transports/console.js:87:23)\n    at Console._write (/data-nova/ax/DevOps/mcp_master/metrics-mcp/node_modules/winston-transport/modern.js:82:19)\n    at doWrite (/data-nova/ax/DevOps/mcp_master/metrics-mcp/node_modules/readable-stream/lib/_stream_writable.js:390:139)","exception":true,"date":"Sat Mar 15 2025 12:43:22 GMT-0700 (Mountain Standard Time)","process":{"pid":2078833,"uid":1000,"gid":1001,"cwd":"/data-nova/ax/DevOps/personal/vaeris_synergy","execPath":"/usr/bin/node","version":"v20.18.3","argv":["/usr/bin/node","/data-nova/ax/DevOps/mcp_master/metrics-mcp/build/index.js"],"memoryUsage":{"rss":63373312,"heapTotal":11825152,"heapUsed":10791544,"external":2037532,"arrayBuffers":16797}},"os":{"loadavg":[3.94,4.93,4.28],"uptime":101268.33},"trace":[{"column":15,"file":"node:internal/stream_base_commons","function":"afterWriteDispatched","line":161,"method":null,"native":false},{"column":3,"file":"node:internal/stream_base_commons","function":"writeGeneric","line":152,"method":null,"native":false},{"column":11,"file":"node:net","function":"Socket._writeGeneric","line":958,"method":"_writeGeneric","native":false},{"column":8,"file":"node:net","function":"Socket._write","line":970,"method":"_write","native":false},{"column":12,"file":"node:internal/streams/writable","function":"writeOrBuffer","line":572,"method":null,"native":false},{"column":10,"file":"node:internal/streams/writable","function":"_write","line":501,"method":null,"native":false},{"column":10,"file":"node:internal/streams/writable","function":"Writable.write","line":510,"method":"write","native":false},{"column":23,"file":"/data-nova/ax/DevOps/mcp_master/metrics-mcp/node_modules/winston/lib/winston/transports/console.js","function":"Console.log","line":87,"method":"log","native":false},{"column":19,"file":"/data-nova/ax/DevOps/mcp_master/metrics-mcp/node_modules/winston-transport/modern.js","function":"Console._write","line":82,"method":"_write","native":false},{"column":139,"file":"/data-nova/ax/DevOps/mcp_master/metrics-mcp/node_modules/readable-stream/lib/_stream_writable.js","function":"doWrite","line":390,"method":null,"native":false}]}
2025-03-15T19:43:22.013Z [ERROR] [Uncaught Exception] write EPIPE {"errno":-32,"code":"EPIPE","syscall":"write","stack":"Error: write EPIPE\n    at afterWriteDispatched (node:internal/stream_base_commons:161:15)\n    at writeGeneric (node:internal/stream_base_commons:152:3)\n    at Socket._writeGeneric (node:net:958:11)\n    at Socket._write (node:net:970:8)\n    at writeOrBuffer (node:internal/streams/writable:572:12)\n    at _write (node:internal/streams/writable:501:10)\n    at Writable.write (node:internal/streams/writable:510:10)\n    at Console.log (/data-nova/ax/DevOps/mcp_master/metrics-mcp/node_modules/winston/lib/winston/transports/console.js:87:23)\n    at Console._write (/data-nova/ax/DevOps/mcp_master/metrics-mcp/node_modules/winston-transport/modern.js:82:19)\n    at doWrite (/data-nova/ax/DevOps/mcp_master/metrics-mcp/node_modules/readable-stream/lib/_stream_writable.js:390:139)"}
2025-03-15T19:43:22.014Z [ERROR] uncaughtException: write EPIPE
Error: write EPIPE
    at afterWriteDispatched (node:internal/stream_base_commons:161:15)
    at writeGeneric (node:internal/stream_base_commons:152:3)
    at Socket._writeGeneric (node:net:958:11)
    at Socket._write (node:net:970:8)
    at writeOrBuffer (node:internal/streams/writable:572:12)
    at _write (node:internal/streams/writable:501:10)
    at Writable.write (node:internal/streams/writable:510:10)
    at Console.log (/data-nova/ax/DevOps/mcp_master/metrics-mcp/node_modules/winston/lib/winston/transports/console.js:87:23)
    at Console._write (/data-nova/ax/DevOps/mcp_master/metrics-mcp/node_modules/winston-transport/modern.js:82:19)
    at doWrite (/data-nova/ax/DevOps/mcp_master/metrics-mcp/node_modules/readable-stream/lib/_stream_writable.js:390:139) {"error":{"errno":-32,"code":"EPIPE","syscall":"write"},"stack":"Error: write EPIPE\n    at afterWriteDispatched (node:internal/stream_base_commons:161:15)\n    at writeGeneric (node:internal/stream_base_commons:152:3)\n    at Socket._writeGeneric (node:net:958:11)\n    at Socket._write (node:net:970:8)\n    at writeOrBuffer (node:internal/streams/writable:572:12)\n    at _write (node:internal/streams/writable:501:10)\n    at Writable.write (node:internal/streams/writable:510:10)\n    at Console.log (/data-nova/ax/DevOps/mcp_master/metrics-mcp/node_modules/winston/lib/winston/transports/console.js:87:23)\n    at Console._write (/data-nova/ax/DevOps/mcp_master/metrics-mcp/node_modules/winston-transport/modern.js:82:19)\n    at doWrite (/data-nova/ax/DevOps/mcp_master/metrics-mcp/node_modules/readable-stream/lib/_stream_writable.js:390:139)","exception":true,"date":"Sat Mar 15 2025 12:43:22 GMT-0700 (Mountain Standard Time)","process":{"pid":2078833,"uid":1000,"gid":1001,"cwd":"/data-nova/ax/DevOps/personal/vaeris_synergy","execPath":"/usr/bin/node","version":"v20.18.3","argv":["/usr/bin/node","/data-nova/ax/DevOps/mcp_master/metrics-mcp/build/index.js"],"memoryUsage":{"rss":63373312,"heapTotal":11825152,"heapUsed":10844608,"external":2045724,"arrayBuffers":24989}},"os":{"loadavg":[3.94,4.93,4.28],"uptime":101268.33},"trace":[{"column":15,"file":"node:internal/stream_base_commons","function":"afterWriteDispatched","line":161,"method":null,"native":false},{"column":3,"file":"node:internal/stream_base_commons","function":"writeGeneric","line":152,"method":null,"native":false},{"column":11,"file":"node:net","function":"Socket._writeGeneric","line":958,"method":"_writeGeneric","native":false},{"column":8,"file":"node:net","function":"Socket._write","line":970,"method":"_write","native":false},{"column":12,"file":"node:internal/streams/writable","function":"writeOrBuffer","line":572,"method":null,"native":false},{"column":10,"file":"node:internal/streams/writable","function":"_write","line":501,"method":null,"native":false},{"column":10,"file":"node:internal/streams/writable","function":"Writable.write","line":510,"method":"write","native":false},{"column":23,"file":"/data-nova/ax/DevOps/mcp_master/metrics-mcp/node_modules/winston/lib/winston/transports/console.js","function":"Console.log","line":87,"method":"log","native":false},{"column":19,"file":"/data-nova/ax/DevOps/mcp_master/metrics-mcp/node_modules/winston-transport/modern.js","function":"Console._write","line":82,"method":"_write","native":false},{"column":139,"file":"/data-nova/ax/DevOps/mcp_master/metrics-mcp/node_modules/readable-stream/lib/_stream_writable.js","function":"doWrite","line":390,"method":null,"native":false}]}
2025-03-15T19:43:22.014Z [ERROR] [Uncaught Exception] write EPIPE {"errno":-32,"code":"EPIPE","syscall":"write","stack":"Error: write EPIPE\n    at afterWriteDispatched (node:internal/stream_base_commons:161:15)\n    at writeGeneric (node:internal/stream_base_commons:152:3)\n    at Socket._writeGeneric (node:net:958:11)\n    at Socket._write (node:net:970:8)\n    at writeOrBuffer (node:internal/streams/writable:572:12)\n    at _write (node:internal/streams/writable:501:10)\n    at Writable.write (node:internal/streams/writable:510:10)\n    at Console.log (/data-nova/ax/DevOps/mcp_master/metrics-mcp/node_modules/winston/lib/winston/transports/console.js:87:23)\n    at Console._write (/data-nova/ax/DevOps/mcp_master/metrics-mcp/node_modules/winston-transport/modern.js:82:19)\n    at doWrite (/data-nova/ax/DevOps/mcp_master/metrics-mcp/node_modules/readable-stream/lib/_stream_writable.js:390:139)"}
2025-03-15T19:43:22.014Z [ERROR] uncaughtException: write EPIPE
Error: write EPIPE
    at afterWriteDispatched (node:internal/stream_base_commons:161:15)
    at writeGeneric (node:internal/stream_base_commons:152:3)
    at Socket._writeGeneric (node:net:958:11)
    at Socket._write (node:net:970:8)
    at writeOrBuffer (node:internal/streams/writable:572:12)
    at _write (node:internal/streams/writable:501:10)
    at Writable.write (node:internal/streams/writable:510:10)
    at Console.log (/data-nova/ax/DevOps/mcp_master/metrics-mcp/node_modules/winston/lib/winston/transports/console.js:87:23)
    at Console._write (/data-nova/ax/DevOps/mcp_master/metrics-mcp/node_modules/winston-transport/modern.js:82:19)
    at doWrite (/data-nova/ax/DevOps/mcp_master/metrics-mcp/node_modules/readable-stream/lib/_stream_writable.js:390:139) {"error":{"errno":-32,"code":"EPIPE","syscall":"write"},"stack":"Error: write EPIPE\n    at afterWriteDispatched (node:internal/stream_base_commons:161:15)\n    at writeGeneric (node:internal/stream_base_commons:152:3)\n    at Socket._writeGeneric (node:net:958:11)\n    at Socket._write (node:net:970:8)\n    at writeOrBuffer (node:internal/streams/writable:572:12)\n    at _write (node:internal/streams/writable:501:10)\n    at Writable.write (node:internal/streams/writable:510:10)\n    at Console.log (/data-nova/ax/DevOps/mcp_master/metrics-mcp/node_modules/winston/lib/winston/transports/console.js:87:23)\n    at Console._write (/data-nova/ax/DevOps/mcp_master/metrics-mcp/node_modules/winston-transport/modern.js:82:19)\n    at doWrite (/data-nova/ax/DevOps/mcp_master/metrics-mcp/node_modules/readable-stream/lib/_stream_writable.js:390:139)","exception":true,"date":"Sat Mar 15 2025 12:43:22 GMT-0700 (Mountain Standard Time)","process":{"pid":2078833,"uid":1000,"gid":1001,"cwd":"/data-nova/ax/DevOps/personal/vaeris_synergy","execPath":"/usr/bin/node","version":"v20.18.3","argv":["/usr/bin/node","/data-nova/ax/DevOps/mcp_master/metrics-mcp/build/index.js"],"memoryUsage":{"rss":63373312,"heapTotal":11825152,"heapUsed":10895768,"external":2053916,"arrayBuffers":33181}},"os":{"loadavg":[3.94,4.93,4.28],"uptime":101268.33},"trace":[{"column":15,"file":"node:internal/stream_base_commons","function":"afterWriteDispatched","line":161,"method":null,"native":false},{"column":3,"file":"node:internal/stream_base_commons","function":"writeGeneric","line":152,"method":null,"native":false},{"column":11,"file":"node:net","function":"Socket._writeGeneric","line":958,"method":"_writeGeneric","native":false},{"column":8,"file":"node:net","function":"Socket._write","line":970,"method":"_write","native":false},{"column":12,"file":"node:internal/streams/writable","function":"writeOrBuffer","line":572,"method":null,"native":false},{"column":10,"file":"node:internal/streams/writable","function":"_write","line":501,"method":null,"native":false},{"column":10,"file":"node:internal/streams/writable","function":"Writable.write","line":510,"method":"write","native":false},{"column":23,"file":"/data-nova/ax/DevOps/mcp_master/metrics-mcp/node_modules/winston/lib/winston/transports/console.js","function":"Console.log","line":87,"method":"log","native":false},{"column":19,"file":"/data-nova/ax/DevOps/mcp_master/metrics-mcp/node_modules/winston-transport/modern.js","function":"Console._write","line":82,"method":"_write","native":false},{"column":139,"file":"/data-nova/ax/DevOps/mcp_master/metrics-mcp/node_modules/readable-stream/lib/_stream_writable.js","function":"doWrite","line":390,"method":null,"native":false}]}
2025-03-15T19:43:22.014Z [ERROR] [Uncaught Exception] write EPIPE {"errno":-32,"code":"EPIPE","syscall":"write","stack":"Error: write EPIPE\n    at afterWriteDispatched (node:internal/stream_base_commons:161:15)\n    at writeGeneric (node:internal/stream_base_commons:152:3)\n    at Socket._writeGeneric (node:net:958:11)\n    at Socket._write (node:net:970:8)\n    at writeOrBuffer (node:internal/streams/writable:572:12)\n    at _write (node:internal/streams/writable:501:10)\n    at Writable.write (node:internal/streams/writable:510:10)\n    at Console.log (/data-nova/ax/DevOps/mcp_master/metrics-mcp/node_modules/winston/lib/winston/transports/console.js:87:23)\n    at Console._write (/data-nova/ax/DevOps/mcp_master/metrics-mcp/node_modules/winston-transport/modern.js:82:19)\n    at doWrite (/data-nova/ax/DevOps/mcp_master/metrics-mcp/node_modules/readable-stream/lib/_stream_writable.js:390:139)"}
2025-03-15T19:43:22.015Z [ERROR] uncaughtException: write EPIPE
Error: write EPIPE
    at afterWriteDispatched (node:internal/stream_base_commons:161:15)
    at writeGeneric (node:internal/stream_base_commons:152:3)
    at Socket._writeGeneric (node:net:958:11)
    at Socket._write (node:net:970:8)
    at writeOrBuffer (node:internal/streams/writable:572:12)
    at _write (node:internal/streams/writable:501:10)
    at Writable.write (node:internal/streams/writable:510:10)
    at Console.log (/data-nova/ax/DevOps/mcp_master/metrics-mcp/node_modules/winston/lib/winston/transports/console.js:87:23)
    at Console._write (/data-nova/ax/DevOps/mcp_master/metrics-mcp/node_modules/winston-transport/modern.js:82:19)
    at doWrite (/data-nova/ax/DevOps/mcp_master/metrics-mcp/node_modules/readable-stream/lib/_stream_writable.js:390:139) {"error":{"errno":-32,"code":"EPIPE","syscall":"write"},"stack":"Error: write EPIPE\n    at afterWriteDispatched (node:internal/stream_base_commons:161:15)\n    at writeGeneric (node:internal/stream_base_commons:152:3)\n    at Socket._writeGeneric (node:net:958:11)\n    at Socket._write (node:net:970:8)\n    at writeOrBuffer (node:internal/streams/writable:572:12)\n    at _write (node:internal/streams/writable:501:10)\n    at Writable.write (node:internal/streams/writable:510:10)\n    at Console.log (/data-nova/ax/DevOps/mcp_master/metrics-mcp/node_modules/winston/lib/winston/transports/console.js:87:23)\n    at Console._write (/data-nova/ax/DevOps/mcp_master/metrics-mcp/node_modules/winston-transport/modern.js:82:19)\n    at doWrite (/data-nova/ax/DevOps/mcp_master/metrics-mcp/node_modules/readable-stream/lib/_stream_writable.js:390:139)","exception":true,"date":"Sat Mar 15 2025 12:43:22 GMT-0700 (Mountain Standard Time)","process":{"pid":2078833,"uid":1000,"gid":1001,"cwd":"/data-nova/ax/DevOps/personal/vaeris_synergy","execPath":"/usr/bin/node","version":"v20.18.3","argv":["/usr/bin/node","/data-nova/ax/DevOps/mcp_master/metrics-mcp/build/index.js"],"memoryUsage":{"rss":63373312,"heapTotal":11825152,"heapUsed":10948576,"external":2053916,"arrayBuffers":33181}},"os":{"loadavg":[3.94,4.93,4.28],"uptime":101268.33},"trace":[{"column":15,"file":"node:internal/stream_base_commons","function":"afterWriteDispatched","line":161,"method":null,"native":false},{"column":3,"file":"node:internal/stream_base_commons","function":"writeGeneric","line":152,"method":null,"native":false},{"column":11,"file":"node:net","function":"Socket._writeGeneric","line":958,"method":"_writeGeneric","native":false},{"column":8,"file":"node:net","function":"Socket._write","line":970,"method":"_write","native":false},{"column":12,"file":"node:internal/streams/writable","function":"writeOrBuffer","line":572,"method":null,"native":false},{"column":10,"file":"node:internal/streams/writable","function":"_write","line":501,"method":null,"native":false},{"column":10,"file":"node:internal/streams/writable","function":"Writable.write","line":510,"method":"write","native":false},{"column":23,"file":"/data-nova/ax/DevOps/mcp_master/metrics-mcp/node_modules/winston/lib/winston/transports/console.js","function":"Console.log","line":87,"method":"log","native":false},{"column":19,"file":"/data-nova/ax/DevOps/mcp_master/metrics-mcp/node_modules/winston-transport/modern.js","function":"Console._write","line":82,"method":"_write","native":false},{"column":139,"file":"/data-nova/ax/DevOps/mcp_master/metrics-mcp/node_modules/readable-stream/lib/_stream_writable.js","function":"doWrite","line":390,"method":null,"native":false}]}
2025-03-15T19:43:22.015Z [ERROR] [Uncaught Exception] write EPIPE {"errno":-32,"code":"EPIPE","syscall":"write","stack":"Error: write EPIPE\n    at afterWriteDispatched (node:internal/stream_base_commons:161:15)\n    at writeGeneric (node:internal/stream_base_commons:152:3)\n    at Socket._writeGeneric (node:net:958:11)\n    at Socket._write (node:net:970:8)\n    at writeOrBuffer (node:internal/streams/writable:572:12)\n    at _write (node:internal/streams/writable:501:10)\n    at Writable.write (node:internal/streams/writable:510:10)\n    at Console.log (/data-nova/ax/DevOps/mcp_master/metrics-mcp/node_modules/winston/lib/winston/transports/console.js:87:23)\n    at Console._write (/data-nova/ax/DevOps/mcp_master/metrics-mcp/node_modules/winston-transport/modern.js:82:19)\n    at doWrite (/data-nova/ax/DevOps/mcp_master/metrics-mcp/node_modules/readable-stream/lib/_stream_writable.js:390:139)"}
2025-03-15T19:43:25.734Z [INFO] Initializing Metrics MCP server
2025-03-15T19:43:25.741Z [INFO] Service monitor initialized
2025-03-15T19:43:26.041Z [INFO] Metrics MCP server initialized
2025-03-15T19:43:26.041Z [INFO] Using standard stdio transport
2025-03-15T19:43:26.041Z [INFO] Metrics MCP server running on stdio
2025-03-15T21:04:17.761Z [INFO] Received shutdown signal
2025-03-15T21:04:17.761Z [INFO] Shutting down Metrics MCP server
2025-03-15T21:04:18.984Z [ERROR] uncaughtException: write EPIPE
Error: write EPIPE
    at afterWriteDispatched (node:internal/stream_base_commons:161:15)
    at writeGeneric (node:internal/stream_base_commons:152:3)
    at Socket._writeGeneric (node:net:958:11)
    at Socket._write (node:net:970:8)
    at writeOrBuffer (node:internal/streams/writable:572:12)
    at _write (node:internal/streams/writable:501:10)
    at Writable.write (node:internal/streams/writable:510:10)
    at Console.log (/data-nova/ax/DevOps/mcp_master/metrics-mcp/node_modules/winston/lib/winston/transports/console.js:87:23)
    at Console._write (/data-nova/ax/DevOps/mcp_master/metrics-mcp/node_modules/winston-transport/modern.js:82:19)
    at doWrite (/data-nova/ax/DevOps/mcp_master/metrics-mcp/node_modules/readable-stream/lib/_stream_writable.js:390:139) {"error":{"errno":-32,"code":"EPIPE","syscall":"write"},"stack":"Error: write EPIPE\n    at afterWriteDispatched (node:internal/stream_base_commons:161:15)\n    at writeGeneric (node:internal/stream_base_commons:152:3)\n    at Socket._writeGeneric (node:net:958:11)\n    at Socket._write (node:net:970:8)\n    at writeOrBuffer (node:internal/streams/writable:572:12)\n    at _write (node:internal/streams/writable:501:10)\n    at Writable.write (node:internal/streams/writable:510:10)\n    at Console.log (/data-nova/ax/DevOps/mcp_master/metrics-mcp/node_modules/winston/lib/winston/transports/console.js:87:23)\n    at Console._write (/data-nova/ax/DevOps/mcp_master/metrics-mcp/node_modules/winston-transport/modern.js:82:19)\n    at doWrite (/data-nova/ax/DevOps/mcp_master/metrics-mcp/node_modules/readable-stream/lib/_stream_writable.js:390:139)","exception":true,"date":"Sat Mar 15 2025 14:04:18 GMT-0700 (Mountain Standard Time)","process":{"pid":2183903,"uid":1000,"gid":1001,"cwd":"/data-nova/ax/DevOps/personal/vaeris_synergy","execPath":"/usr/bin/node","version":"v20.19.0","argv":["/usr/bin/node","/data-nova/ax/DevOps/mcp_master/metrics-mcp/build/index.js"],"memoryUsage":{"rss":63361024,"heapTotal":12087296,"heapUsed":11611720,"external":2007441,"arrayBuffers":17598}},"os":{"loadavg":[3.41,2.65,2.72],"uptime":106125.3},"trace":[{"column":15,"file":"node:internal/stream_base_commons","function":"afterWriteDispatched","line":161,"method":null,"native":false},{"column":3,"file":"node:internal/stream_base_commons","function":"writeGeneric","line":152,"method":null,"native":false},{"column":11,"file":"node:net","function":"Socket._writeGeneric","line":958,"method":"_writeGeneric","native":false},{"column":8,"file":"node:net","function":"Socket._write","line":970,"method":"_write","native":false},{"column":12,"file":"node:internal/streams/writable","function":"writeOrBuffer","line":572,"method":null,"native":false},{"column":10,"file":"node:internal/streams/writable","function":"_write","line":501,"method":null,"native":false},{"column":10,"file":"node:internal/streams/writable","function":"Writable.write","line":510,"method":"write","native":false},{"column":23,"file":"/data-nova/ax/DevOps/mcp_master/metrics-mcp/node_modules/winston/lib/winston/transports/console.js","function":"Console.log","line":87,"method":"log","native":false},{"column":19,"file":"/data-nova/ax/DevOps/mcp_master/metrics-mcp/node_modules/winston-transport/modern.js","function":"Console._write","line":82,"method":"_write","native":false},{"column":139,"file":"/data-nova/ax/DevOps/mcp_master/metrics-mcp/node_modules/readable-stream/lib/_stream_writable.js","function":"doWrite","line":390,"method":null,"native":false}]}
2025-03-15T21:04:18.984Z [ERROR] [Uncaught Exception] write EPIPE {"errno":-32,"code":"EPIPE","syscall":"write","stack":"Error: write EPIPE\n    at afterWriteDispatched (node:internal/stream_base_commons:161:15)\n    at writeGeneric (node:internal/stream_base_commons:152:3)\n    at Socket._writeGeneric (node:net:958:11)\n    at Socket._write (node:net:970:8)\n    at writeOrBuffer (node:internal/streams/writable:572:12)\n    at _write (node:internal/streams/writable:501:10)\n    at Writable.write (node:internal/streams/writable:510:10)\n    at Console.log (/data-nova/ax/DevOps/mcp_master/metrics-mcp/node_modules/winston/lib/winston/transports/console.js:87:23)\n    at Console._write (/data-nova/ax/DevOps/mcp_master/metrics-mcp/node_modules/winston-transport/modern.js:82:19)\n    at doWrite (/data-nova/ax/DevOps/mcp_master/metrics-mcp/node_modules/readable-stream/lib/_stream_writable.js:390:139)"}
2025-03-15T21:04:18.985Z [ERROR] uncaughtException: write EPIPE
Error: write EPIPE
    at afterWriteDispatched (node:internal/stream_base_commons:161:15)
    at writeGeneric (node:internal/stream_base_commons:152:3)
    at Socket._writeGeneric (node:net:958:11)
    at Socket._write (node:net:970:8)
    at writeOrBuffer (node:internal/streams/writable:572:12)
    at _write (node:internal/streams/writable:501:10)
    at Writable.write (node:internal/streams/writable:510:10)
    at Console.log (/data-nova/ax/DevOps/mcp_master/metrics-mcp/node_modules/winston/lib/winston/transports/console.js:87:23)
    at Console._write (/data-nova/ax/DevOps/mcp_master/metrics-mcp/node_modules/winston-transport/modern.js:82:19)
    at doWrite (/data-nova/ax/DevOps/mcp_master/metrics-mcp/node_modules/readable-stream/lib/_stream_writable.js:390:139) {"error":{"errno":-32,"code":"EPIPE","syscall":"write"},"stack":"Error: write EPIPE\n    at afterWriteDispatched (node:internal/stream_base_commons:161:15)\n    at writeGeneric (node:internal/stream_base_commons:152:3)\n    at Socket._writeGeneric (node:net:958:11)\n    at Socket._write (node:net:970:8)\n    at writeOrBuffer (node:internal/streams/writable:572:12)\n    at _write (node:internal/streams/writable:501:10)\n    at Writable.write (node:internal/streams/writable:510:10)\n    at Console.log (/data-nova/ax/DevOps/mcp_master/metrics-mcp/node_modules/winston/lib/winston/transports/console.js:87:23)\n    at Console._write (/data-nova/ax/DevOps/mcp_master/metrics-mcp/node_modules/winston-transport/modern.js:82:19)\n    at doWrite (/data-nova/ax/DevOps/mcp_master/metrics-mcp/node_modules/readable-stream/lib/_stream_writable.js:390:139)","exception":true,"date":"Sat Mar 15 2025 14:04:18 GMT-0700 (Mountain Standard Time)","process":{"pid":2183903,"uid":1000,"gid":1001,"cwd":"/data-nova/ax/DevOps/personal/vaeris_synergy","execPath":"/usr/bin/node","version":"v20.19.0","argv":["/usr/bin/node","/data-nova/ax/DevOps/mcp_master/metrics-mcp/build/index.js"],"memoryUsage":{"rss":63361024,"heapTotal":12087296,"heapUsed":11684560,"external":2007505,"arrayBuffers":17622}},"os":{"loadavg":[3.41,2.65,2.72],"uptime":106125.3},"trace":[{"column":15,"file":"node:internal/stream_base_commons","function":"afterWriteDispatched","line":161,"method":null,"native":false},{"column":3,"file":"node:internal/stream_base_commons","function":"writeGeneric","line":152,"method":null,"native":false},{"column":11,"file":"node:net","function":"Socket._writeGeneric","line":958,"method":"_writeGeneric","native":false},{"column":8,"file":"node:net","function":"Socket._write","line":970,"method":"_write","native":false},{"column":12,"file":"node:internal/streams/writable","function":"writeOrBuffer","line":572,"method":null,"native":false},{"column":10,"file":"node:internal/streams/writable","function":"_write","line":501,"method":null,"native":false},{"column":10,"file":"node:internal/streams/writable","function":"Writable.write","line":510,"method":"write","native":false},{"column":23,"file":"/data-nova/ax/DevOps/mcp_master/metrics-mcp/node_modules/winston/lib/winston/transports/console.js","function":"Console.log","line":87,"method":"log","native":false},{"column":19,"file":"/data-nova/ax/DevOps/mcp_master/metrics-mcp/node_modules/winston-transport/modern.js","function":"Console._write","line":82,"method":"_write","native":false},{"column":139,"file":"/data-nova/ax/DevOps/mcp_master/metrics-mcp/node_modules/readable-stream/lib/_stream_writable.js","function":"doWrite","line":390,"method":null,"native":false}]}
2025-03-15T21:04:18.985Z [ERROR] [Uncaught Exception] write EPIPE {"errno":-32,"code":"EPIPE","syscall":"write","stack":"Error: write EPIPE\n    at afterWriteDispatched (node:internal/stream_base_commons:161:15)\n    at writeGeneric (node:internal/stream_base_commons:152:3)\n    at Socket._writeGeneric (node:net:958:11)\n    at Socket._write (node:net:970:8)\n    at writeOrBuffer (node:internal/streams/writable:572:12)\n    at _write (node:internal/streams/writable:501:10)\n    at Writable.write (node:internal/streams/writable:510:10)\n    at Console.log (/data-nova/ax/DevOps/mcp_master/metrics-mcp/node_modules/winston/lib/winston/transports/console.js:87:23)\n    at Console._write (/data-nova/ax/DevOps/mcp_master/metrics-mcp/node_modules/winston-transport/modern.js:82:19)\n    at doWrite (/data-nova/ax/DevOps/mcp_master/metrics-mcp/node_modules/readable-stream/lib/_stream_writable.js:390:139)"}
2025-03-15T21:04:18.986Z [ERROR] uncaughtException: write EPIPE
Error: write EPIPE
    at afterWriteDispatched (node:internal/stream_base_commons:161:15)
    at writeGeneric (node:internal/stream_base_commons:152:3)
    at Socket._writeGeneric (node:net:958:11)
    at Socket._write (node:net:970:8)
    at writeOrBuffer (node:internal/streams/writable:572:12)
    at _write (node:internal/streams/writable:501:10)
    at Writable.write (node:internal/streams/writable:510:10)
    at Console.log (/data-nova/ax/DevOps/mcp_master/metrics-mcp/node_modules/winston/lib/winston/transports/console.js:87:23)
    at Console._write (/data-nova/ax/DevOps/mcp_master/metrics-mcp/node_modules/winston-transport/modern.js:82:19)
    at doWrite (/data-nova/ax/DevOps/mcp_master/metrics-mcp/node_modules/readable-stream/lib/_stream_writable.js:390:139) {"error":{"errno":-32,"code":"EPIPE","syscall":"write"},"stack":"Error: write EPIPE\n    at afterWriteDispatched (node:internal/stream_base_commons:161:15)\n    at writeGeneric (node:internal/stream_base_commons:152:3)\n    at Socket._writeGeneric (node:net:958:11)\n    at Socket._write (node:net:970:8)\n    at writeOrBuffer (node:internal/streams/writable:572:12)\n    at _write (node:internal/streams/writable:501:10)\n    at Writable.write (node:internal/streams/writable:510:10)\n    at Console.log (/data-nova/ax/DevOps/mcp_master/metrics-mcp/node_modules/winston/lib/winston/transports/console.js:87:23)\n    at Console._write (/data-nova/ax/DevOps/mcp_master/metrics-mcp/node_modules/winston-transport/modern.js:82:19)\n    at doWrite (/data-nova/ax/DevOps/mcp_master/metrics-mcp/node_modules/readable-stream/lib/_stream_writable.js:390:139)","exception":true,"date":"Sat Mar 15 2025 14:04:18 GMT-0700 (Mountain Standard Time)","process":{"pid":2183903,"uid":1000,"gid":1001,"cwd":"/data-nova/ax/DevOps/personal/vaeris_synergy","execPath":"/usr/bin/node","version":"v20.19.0","argv":["/usr/bin/node","/data-nova/ax/DevOps/mcp_master/metrics-mcp/build/index.js"],"memoryUsage":{"rss":62582784,"heapTotal":12087296,"heapUsed":10797728,"external":2014725,"arrayBuffers":24842}},"os":{"loadavg":[3.41,2.65,2.72],"uptime":106125.3},"trace":[{"column":15,"file":"node:internal/stream_base_commons","function":"afterWriteDispatched","line":161,"method":null,"native":false},{"column":3,"file":"node:internal/stream_base_commons","function":"writeGeneric","line":152,"method":null,"native":false},{"column":11,"file":"node:net","function":"Socket._writeGeneric","line":958,"method":"_writeGeneric","native":false},{"column":8,"file":"node:net","function":"Socket._write","line":970,"method":"_write","native":false},{"column":12,"file":"node:internal/streams/writable","function":"writeOrBuffer","line":572,"method":null,"native":false},{"column":10,"file":"node:internal/streams/writable","function":"_write","line":501,"method":null,"native":false},{"column":10,"file":"node:internal/streams/writable","function":"Writable.write","line":510,"method":"write","native":false},{"column":23,"file":"/data-nova/ax/DevOps/mcp_master/metrics-mcp/node_modules/winston/lib/winston/transports/console.js","function":"Console.log","line":87,"method":"log","native":false},{"column":19,"file":"/data-nova/ax/DevOps/mcp_master/metrics-mcp/node_modules/winston-transport/modern.js","function":"Console._write","line":82,"method":"_write","native":false},{"column":139,"file":"/data-nova/ax/DevOps/mcp_master/metrics-mcp/node_modules/readable-stream/lib/_stream_writable.js","function":"doWrite","line":390,"method":null,"native":false}]}
2025-03-15T21:04:18.986Z [ERROR] [Uncaught Exception] write EPIPE {"errno":-32,"code":"EPIPE","syscall":"write","stack":"Error: write EPIPE\n    at afterWriteDispatched (node:internal/stream_base_commons:161:15)\n    at writeGeneric (node:internal/stream_base_commons:152:3)\n    at Socket._writeGeneric (node:net:958:11)\n    at Socket._write (node:net:970:8)\n    at writeOrBuffer (node:internal/streams/writable:572:12)\n    at _write (node:internal/streams/writable:501:10)\n    at Writable.write (node:internal/streams/writable:510:10)\n    at Console.log (/data-nova/ax/DevOps/mcp_master/metrics-mcp/node_modules/winston/lib/winston/transports/console.js:87:23)\n    at Console._write (/data-nova/ax/DevOps/mcp_master/metrics-mcp/node_modules/winston-transport/modern.js:82:19)\n    at doWrite (/data-nova/ax/DevOps/mcp_master/metrics-mcp/node_modules/readable-stream/lib/_stream_writable.js:390:139)"}
2025-03-15T21:04:18.986Z [ERROR] uncaughtException: write EPIPE
Error: write EPIPE
    at afterWriteDispatched (node:internal/stream_base_commons:161:15)
    at writeGeneric (node:internal/stream_base_commons:152:3)
    at Socket._writeGeneric (node:net:958:11)
    at Socket._write (node:net:970:8)
    at writeOrBuffer (node:internal/streams/writable:572:12)
    at _write (node:internal/streams/writable:501:10)
    at Writable.write (node:internal/streams/writable:510:10)
    at Console.log (/data-nova/ax/DevOps/mcp_master/metrics-mcp/node_modules/winston/lib/winston/transports/console.js:87:23)
    at Console._write (/data-nova/ax/DevOps/mcp_master/metrics-mcp/node_modules/winston-transport/modern.js:82:19)
    at doWrite (/data-nova/ax/DevOps/mcp_master/metrics-mcp/node_modules/readable-stream/lib/_stream_writable.js:390:139) {"error":{"errno":-32,"code":"EPIPE","syscall":"write"},"stack":"Error: write EPIPE\n    at afterWriteDispatched (node:internal/stream_base_commons:161:15)\n    at writeGeneric (node:internal/stream_base_commons:152:3)\n    at Socket._writeGeneric (node:net:958:11)\n    at Socket._write (node:net:970:8)\n    at writeOrBuffer (node:internal/streams/writable:572:12)\n    at _write (node:internal/streams/writable:501:10)\n    at Writable.write (node:internal/streams/writable:510:10)\n    at Console.log (/data-nova/ax/DevOps/mcp_master/metrics-mcp/node_modules/winston/lib/winston/transports/console.js:87:23)\n    at Console._write (/data-nova/ax/DevOps/mcp_master/metrics-mcp/node_modules/winston-transport/modern.js:82:19)\n    at doWrite (/data-nova/ax/DevOps/mcp_master/metrics-mcp/node_modules/readable-stream/lib/_stream_writable.js:390:139)","exception":true,"date":"Sat Mar 15 2025 14:04:18 GMT-0700 (Mountain Standard Time)","process":{"pid":2183903,"uid":1000,"gid":1001,"cwd":"/data-nova/ax/DevOps/personal/vaeris_synergy","execPath":"/usr/bin/node","version":"v20.19.0","argv":["/usr/bin/node","/data-nova/ax/DevOps/mcp_master/metrics-mcp/build/index.js"],"memoryUsage":{"rss":62582784,"heapTotal":12087296,"heapUsed":10847208,"external":2022917,"arrayBuffers":33034}},"os":{"loadavg":[3.41,2.65,2.72],"uptime":106125.3},"trace":[{"column":15,"file":"node:internal/stream_base_commons","function":"afterWriteDispatched","line":161,"method":null,"native":false},{"column":3,"file":"node:internal/stream_base_commons","function":"writeGeneric","line":152,"method":null,"native":false},{"column":11,"file":"node:net","function":"Socket._writeGeneric","line":958,"method":"_writeGeneric","native":false},{"column":8,"file":"node:net","function":"Socket._write","line":970,"method":"_write","native":false},{"column":12,"file":"node:internal/streams/writable","function":"writeOrBuffer","line":572,"method":null,"native":false},{"column":10,"file":"node:internal/streams/writable","function":"_write","line":501,"method":null,"native":false},{"column":10,"file":"node:internal/streams/writable","function":"Writable.write","line":510,"method":"write","native":false},{"column":23,"file":"/data-nova/ax/DevOps/mcp_master/metrics-mcp/node_modules/winston/lib/winston/transports/console.js","function":"Console.log","line":87,"method":"log","native":false},{"column":19,"file":"/data-nova/ax/DevOps/mcp_master/metrics-mcp/node_modules/winston-transport/modern.js","function":"Console._write","line":82,"method":"_write","native":false},{"column":139,"file":"/data-nova/ax/DevOps/mcp_master/metrics-mcp/node_modules/readable-stream/lib/_stream_writable.js","function":"doWrite","line":390,"method":null,"native":false}]}
2025-03-15T21:04:18.986Z [ERROR] [Uncaught Exception] write EPIPE {"errno":-32,"code":"EPIPE","syscall":"write","stack":"Error: write EPIPE\n    at afterWriteDispatched (node:internal/stream_base_commons:161:15)\n    at writeGeneric (node:internal/stream_base_commons:152:3)\n    at Socket._writeGeneric (node:net:958:11)\n    at Socket._write (node:net:970:8)\n    at writeOrBuffer (node:internal/streams/writable:572:12)\n    at _write (node:internal/streams/writable:501:10)\n    at Writable.write (node:internal/streams/writable:510:10)\n    at Console.log (/data-nova/ax/DevOps/mcp_master/metrics-mcp/node_modules/winston/lib/winston/transports/console.js:87:23)\n    at Console._write (/data-nova/ax/DevOps/mcp_master/metrics-mcp/node_modules/winston-transport/modern.js:82:19)\n    at doWrite (/data-nova/ax/DevOps/mcp_master/metrics-mcp/node_modules/readable-stream/lib/_stream_writable.js:390:139)"}
2025-03-15T21:04:18.987Z [ERROR] uncaughtException: write EPIPE
Error: write EPIPE
    at afterWriteDispatched (node:internal/stream_base_commons:161:15)
    at writeGeneric (node:internal/stream_base_commons:152:3)
    at Socket._writeGeneric (node:net:958:11)
    at Socket._write (node:net:970:8)
    at writeOrBuffer (node:internal/streams/writable:572:12)
    at _write (node:internal/streams/writable:501:10)
    at Writable.write (node:internal/streams/writable:510:10)
    at Console.log (/data-nova/ax/DevOps/mcp_master/metrics-mcp/node_modules/winston/lib/winston/transports/console.js:87:23)
    at Console._write (/data-nova/ax/DevOps/mcp_master/metrics-mcp/node_modules/winston-transport/modern.js:82:19)
    at doWrite (/data-nova/ax/DevOps/mcp_master/metrics-mcp/node_modules/readable-stream/lib/_stream_writable.js:390:139) {"error":{"errno":-32,"code":"EPIPE","syscall":"write"},"stack":"Error: write EPIPE\n    at afterWriteDispatched (node:internal/stream_base_commons:161:15)\n    at writeGeneric (node:internal/stream_base_commons:152:3)\n    at Socket._writeGeneric (node:net:958:11)\n    at Socket._write (node:net:970:8)\n    at writeOrBuffer (node:internal/streams/writable:572:12)\n    at _write (node:internal/streams/writable:501:10)\n    at Writable.write (node:internal/streams/writable:510:10)\n    at Console.log (/data-nova/ax/DevOps/mcp_master/metrics-mcp/node_modules/winston/lib/winston/transports/console.js:87:23)\n    at Console._write (/data-nova/ax/DevOps/mcp_master/metrics-mcp/node_modules/winston-transport/modern.js:82:19)\n    at doWrite (/data-nova/ax/DevOps/mcp_master/metrics-mcp/node_modules/readable-stream/lib/_stream_writable.js:390:139)","exception":true,"date":"Sat Mar 15 2025 14:04:18 GMT-0700 (Mountain Standard Time)","process":{"pid":2183903,"uid":1000,"gid":1001,"cwd":"/data-nova/ax/DevOps/personal/vaeris_synergy","execPath":"/usr/bin/node","version":"v20.19.0","argv":["/usr/bin/node","/data-nova/ax/DevOps/mcp_master/metrics-mcp/build/index.js"],"memoryUsage":{"rss":62582784,"heapTotal":12087296,"heapUsed":10898224,"external":2022917,"arrayBuffers":33034}},"os":{"loadavg":[3.41,2.65,2.72],"uptime":106125.3},"trace":[{"column":15,"file":"node:internal/stream_base_commons","function":"afterWriteDispatched","line":161,"method":null,"native":false},{"column":3,"file":"node:internal/stream_base_commons","function":"writeGeneric","line":152,"method":null,"native":false},{"column":11,"file":"node:net","function":"Socket._writeGeneric","line":958,"method":"_writeGeneric","native":false},{"column":8,"file":"node:net","function":"Socket._write","line":970,"method":"_write","native":false},{"column":12,"file":"node:internal/streams/writable","function":"writeOrBuffer","line":572,"method":null,"native":false},{"column":10,"file":"node:internal/streams/writable","function":"_write","line":501,"method":null,"native":false},{"column":10,"file":"node:internal/streams/writable","function":"Writable.write","line":510,"method":"write","native":false},{"column":23,"file":"/data-nova/ax/DevOps/mcp_master/metrics-mcp/node_modules/winston/lib/winston/transports/console.js","function":"Console.log","line":87,"method":"log","native":false},{"column":19,"file":"/data-nova/ax/DevOps/mcp_master/metrics-mcp/node_modules/winston-transport/modern.js","function":"Console._write","line":82,"method":"_write","native":false},{"column":139,"file":"/data-nova/ax/DevOps/mcp_master/metrics-mcp/node_modules/readable-stream/lib/_stream_writable.js","function":"doWrite","line":390,"method":null,"native":false}]}
2025-03-15T21:04:18.987Z [ERROR] [Uncaught Exception] write EPIPE {"errno":-32,"code":"EPIPE","syscall":"write","stack":"Error: write EPIPE\n    at afterWriteDispatched (node:internal/stream_base_commons:161:15)\n    at writeGeneric (node:internal/stream_base_commons:152:3)\n    at Socket._writeGeneric (node:net:958:11)\n    at Socket._write (node:net:970:8)\n    at writeOrBuffer (node:internal/streams/writable:572:12)\n    at _write (node:internal/streams/writable:501:10)\n    at Writable.write (node:internal/streams/writable:510:10)\n    at Console.log (/data-nova/ax/DevOps/mcp_master/metrics-mcp/node_modules/winston/lib/winston/transports/console.js:87:23)\n    at Console._write (/data-nova/ax/DevOps/mcp_master/metrics-mcp/node_modules/winston-transport/modern.js:82:19)\n    at doWrite (/data-nova/ax/DevOps/mcp_master/metrics-mcp/node_modules/readable-stream/lib/_stream_writable.js:390:139)"}
2025-03-15T21:04:21.976Z [INFO] Initializing Metrics MCP server
2025-03-15T21:04:21.983Z [INFO] Service monitor initialized
2025-03-15T21:04:23.007Z [INFO] Metrics MCP server initialized
2025-03-15T21:04:23.007Z [INFO] Using standard stdio transport
2025-03-15T21:04:23.008Z [INFO] Metrics MCP server running on stdio
2025-03-15T23:56:16.966Z [INFO] Received shutdown signal
2025-03-15T23:56:16.966Z [INFO] Shutting down Metrics MCP server
2025-03-15T23:56:17.282Z [ERROR] uncaughtException: write EPIPE
Error: write EPIPE
    at afterWriteDispatched (node:internal/stream_base_commons:161:15)
    at writeGeneric (node:internal/stream_base_commons:152:3)
    at Socket._writeGeneric (node:net:958:11)
    at Socket._write (node:net:970:8)
    at writeOrBuffer (node:internal/streams/writable:572:12)
    at _write (node:internal/streams/writable:501:10)
    at Writable.write (node:internal/streams/writable:510:10)
    at Console.log (/data-nova/ax/DevOps/mcp_master/metrics-mcp/node_modules/winston/lib/winston/transports/console.js:87:23)
    at Console._write (/data-nova/ax/DevOps/mcp_master/metrics-mcp/node_modules/winston-transport/modern.js:82:19)
    at doWrite (/data-nova/ax/DevOps/mcp_master/metrics-mcp/node_modules/readable-stream/lib/_stream_writable.js:390:139) {"error":{"errno":-32,"code":"EPIPE","syscall":"write"},"stack":"Error: write EPIPE\n    at afterWriteDispatched (node:internal/stream_base_commons:161:15)\n    at writeGeneric (node:internal/stream_base_commons:152:3)\n    at Socket._writeGeneric (node:net:958:11)\n    at Socket._write (node:net:970:8)\n    at writeOrBuffer (node:internal/streams/writable:572:12)\n    at _write (node:internal/streams/writable:501:10)\n    at Writable.write (node:internal/streams/writable:510:10)\n    at Console.log (/data-nova/ax/DevOps/mcp_master/metrics-mcp/node_modules/winston/lib/winston/transports/console.js:87:23)\n    at Console._write (/data-nova/ax/DevOps/mcp_master/metrics-mcp/node_modules/winston-transport/modern.js:82:19)\n    at doWrite (/data-nova/ax/DevOps/mcp_master/metrics-mcp/node_modules/readable-stream/lib/_stream_writable.js:390:139)","exception":true,"date":"Sat Mar 15 2025 16:56:17 GMT-0700 (Mountain Standard Time)","process":{"pid":2284477,"uid":1000,"gid":1001,"cwd":"/data-nova/ax/DevOps/personal/vaeris_synergy","execPath":"/usr/bin/node","version":"v20.19.0","argv":["/usr/bin/node","/data-nova/ax/DevOps/mcp_master/metrics-mcp/build/index.js"],"memoryUsage":{"rss":62631936,"heapTotal":12349440,"heapUsed":10954624,"external":2006675,"arrayBuffers":16832}},"os":{"loadavg":[4.55,4.14,3.71],"uptime":116443.59},"trace":[{"column":15,"file":"node:internal/stream_base_commons","function":"afterWriteDispatched","line":161,"method":null,"native":false},{"column":3,"file":"node:internal/stream_base_commons","function":"writeGeneric","line":152,"method":null,"native":false},{"column":11,"file":"node:net","function":"Socket._writeGeneric","line":958,"method":"_writeGeneric","native":false},{"column":8,"file":"node:net","function":"Socket._write","line":970,"method":"_write","native":false},{"column":12,"file":"node:internal/streams/writable","function":"writeOrBuffer","line":572,"method":null,"native":false},{"column":10,"file":"node:internal/streams/writable","function":"_write","line":501,"method":null,"native":false},{"column":10,"file":"node:internal/streams/writable","function":"Writable.write","line":510,"method":"write","native":false},{"column":23,"file":"/data-nova/ax/DevOps/mcp_master/metrics-mcp/node_modules/winston/lib/winston/transports/console.js","function":"Console.log","line":87,"method":"log","native":false},{"column":19,"file":"/data-nova/ax/DevOps/mcp_master/metrics-mcp/node_modules/winston-transport/modern.js","function":"Console._write","line":82,"method":"_write","native":false},{"column":139,"file":"/data-nova/ax/DevOps/mcp_master/metrics-mcp/node_modules/readable-stream/lib/_stream_writable.js","function":"doWrite","line":390,"method":null,"native":false}]}
2025-03-15T23:56:17.282Z [ERROR] [Uncaught Exception] write EPIPE {"errno":-32,"code":"EPIPE","syscall":"write","stack":"Error: write EPIPE\n    at afterWriteDispatched (node:internal/stream_base_commons:161:15)\n    at writeGeneric (node:internal/stream_base_commons:152:3)\n    at Socket._writeGeneric (node:net:958:11)\n    at Socket._write (node:net:970:8)\n    at writeOrBuffer (node:internal/streams/writable:572:12)\n    at _write (node:internal/streams/writable:501:10)\n    at Writable.write (node:internal/streams/writable:510:10)\n    at Console.log (/data-nova/ax/DevOps/mcp_master/metrics-mcp/node_modules/winston/lib/winston/transports/console.js:87:23)\n    at Console._write (/data-nova/ax/DevOps/mcp_master/metrics-mcp/node_modules/winston-transport/modern.js:82:19)\n    at doWrite (/data-nova/ax/DevOps/mcp_master/metrics-mcp/node_modules/readable-stream/lib/_stream_writable.js:390:139)"}
2025-03-15T23:56:17.283Z [ERROR] uncaughtException: write EPIPE
Error: write EPIPE
    at afterWriteDispatched (node:internal/stream_base_commons:161:15)
    at writeGeneric (node:internal/stream_base_commons:152:3)
    at Socket._writeGeneric (node:net:958:11)
    at Socket._write (node:net:970:8)
    at writeOrBuffer (node:internal/streams/writable:572:12)
    at _write (node:internal/streams/writable:501:10)
    at Writable.write (node:internal/streams/writable:510:10)
    at Console.log (/data-nova/ax/DevOps/mcp_master/metrics-mcp/node_modules/winston/lib/winston/transports/console.js:87:23)
    at Console._write (/data-nova/ax/DevOps/mcp_master/metrics-mcp/node_modules/winston-transport/modern.js:82:19)
    at doWrite (/data-nova/ax/DevOps/mcp_master/metrics-mcp/node_modules/readable-stream/lib/_stream_writable.js:390:139) {"error":{"errno":-32,"code":"EPIPE","syscall":"write"},"stack":"Error: write EPIPE\n    at afterWriteDispatched (node:internal/stream_base_commons:161:15)\n    at writeGeneric (node:internal/stream_base_commons:152:3)\n    at Socket._writeGeneric (node:net:958:11)\n    at Socket._write (node:net:970:8)\n    at writeOrBuffer (node:internal/streams/writable:572:12)\n    at _write (node:internal/streams/writable:501:10)\n    at Writable.write (node:internal/streams/writable:510:10)\n    at Console.log (/data-nova/ax/DevOps/mcp_master/metrics-mcp/node_modules/winston/lib/winston/transports/console.js:87:23)\n    at Console._write (/data-nova/ax/DevOps/mcp_master/metrics-mcp/node_modules/winston-transport/modern.js:82:19)\n    at doWrite (/data-nova/ax/DevOps/mcp_master/metrics-mcp/node_modules/readable-stream/lib/_stream_writable.js:390:139)","exception":true,"date":"Sat Mar 15 2025 16:56:17 GMT-0700 (Mountain Standard Time)","process":{"pid":2284477,"uid":1000,"gid":1001,"cwd":"/data-nova/ax/DevOps/personal/vaeris_synergy","execPath":"/usr/bin/node","version":"v20.19.0","argv":["/usr/bin/node","/data-nova/ax/DevOps/mcp_master/metrics-mcp/build/index.js"],"memoryUsage":{"rss":62631936,"heapTotal":12349440,"heapUsed":11027480,"external":2006739,"arrayBuffers":16856}},"os":{"loadavg":[4.55,4.14,3.71],"uptime":116443.6},"trace":[{"column":15,"file":"node:internal/stream_base_commons","function":"afterWriteDispatched","line":161,"method":null,"native":false},{"column":3,"file":"node:internal/stream_base_commons","function":"writeGeneric","line":152,"method":null,"native":false},{"column":11,"file":"node:net","function":"Socket._writeGeneric","line":958,"method":"_writeGeneric","native":false},{"column":8,"file":"node:net","function":"Socket._write","line":970,"method":"_write","native":false},{"column":12,"file":"node:internal/streams/writable","function":"writeOrBuffer","line":572,"method":null,"native":false},{"column":10,"file":"node:internal/streams/writable","function":"_write","line":501,"method":null,"native":false},{"column":10,"file":"node:internal/streams/writable","function":"Writable.write","line":510,"method":"write","native":false},{"column":23,"file":"/data-nova/ax/DevOps/mcp_master/metrics-mcp/node_modules/winston/lib/winston/transports/console.js","function":"Console.log","line":87,"method":"log","native":false},{"column":19,"file":"/data-nova/ax/DevOps/mcp_master/metrics-mcp/node_modules/winston-transport/modern.js","function":"Console._write","line":82,"method":"_write","native":false},{"column":139,"file":"/data-nova/ax/DevOps/mcp_master/metrics-mcp/node_modules/readable-stream/lib/_stream_writable.js","function":"doWrite","line":390,"method":null,"native":false}]}
2025-03-15T23:56:17.283Z [ERROR] [Uncaught Exception] write EPIPE {"errno":-32,"code":"EPIPE","syscall":"write","stack":"Error: write EPIPE\n    at afterWriteDispatched (node:internal/stream_base_commons:161:15)\n    at writeGeneric (node:internal/stream_base_commons:152:3)\n    at Socket._writeGeneric (node:net:958:11)\n    at Socket._write (node:net:970:8)\n    at writeOrBuffer (node:internal/streams/writable:572:12)\n    at _write (node:internal/streams/writable:501:10)\n    at Writable.write (node:internal/streams/writable:510:10)\n    at Console.log (/data-nova/ax/DevOps/mcp_master/metrics-mcp/node_modules/winston/lib/winston/transports/console.js:87:23)\n    at Console._write (/data-nova/ax/DevOps/mcp_master/metrics-mcp/node_modules/winston-transport/modern.js:82:19)\n    at doWrite (/data-nova/ax/DevOps/mcp_master/metrics-mcp/node_modules/readable-stream/lib/_stream_writable.js:390:139)"}
2025-03-15T23:56:17.283Z [ERROR] uncaughtException: write EPIPE
Error: write EPIPE
    at afterWriteDispatched (node:internal/stream_base_commons:161:15)
    at writeGeneric (node:internal/stream_base_commons:152:3)
    at Socket._writeGeneric (node:net:958:11)
    at Socket._write (node:net:970:8)
    at writeOrBuffer (node:internal/streams/writable:572:12)
    at _write (node:internal/streams/writable:501:10)
    at Writable.write (node:internal/streams/writable:510:10)
    at Console.log (/data-nova/ax/DevOps/mcp_master/metrics-mcp/node_modules/winston/lib/winston/transports/console.js:87:23)
    at Console._write (/data-nova/ax/DevOps/mcp_master/metrics-mcp/node_modules/winston-transport/modern.js:82:19)
    at doWrite (/data-nova/ax/DevOps/mcp_master/metrics-mcp/node_modules/readable-stream/lib/_stream_writable.js:390:139) {"error":{"errno":-32,"code":"EPIPE","syscall":"write"},"stack":"Error: write EPIPE\n    at afterWriteDispatched (node:internal/stream_base_commons:161:15)\n    at writeGeneric (node:internal/stream_base_commons:152:3)\n    at Socket._writeGeneric (node:net:958:11)\n    at Socket._write (node:net:970:8)\n    at writeOrBuffer (node:internal/streams/writable:572:12)\n    at _write (node:internal/streams/writable:501:10)\n    at Writable.write (node:internal/streams/writable:510:10)\n    at Console.log (/data-nova/ax/DevOps/mcp_master/metrics-mcp/node_modules/winston/lib/winston/transports/console.js:87:23)\n    at Console._write (/data-nova/ax/DevOps/mcp_master/metrics-mcp/node_modules/winston-transport/modern.js:82:19)\n    at doWrite (/data-nova/ax/DevOps/mcp_master/metrics-mcp/node_modules/readable-stream/lib/_stream_writable.js:390:139)","exception":true,"date":"Sat Mar 15 2025 16:56:17 GMT-0700 (Mountain Standard Time)","process":{"pid":2284477,"uid":1000,"gid":1001,"cwd":"/data-nova/ax/DevOps/personal/vaeris_synergy","execPath":"/usr/bin/node","version":"v20.19.0","argv":["/usr/bin/node","/data-nova/ax/DevOps/mcp_master/metrics-mcp/build/index.js"],"memoryUsage":{"rss":62631936,"heapTotal":12349440,"heapUsed":11078864,"external":2014931,"arrayBuffers":25048}},"os":{"loadavg":[4.55,4.14,3.71],"uptime":116443.6},"trace":[{"column":15,"file":"node:internal/stream_base_commons","function":"afterWriteDispatched","line":161,"method":null,"native":false},{"column":3,"file":"node:internal/stream_base_commons","function":"writeGeneric","line":152,"method":null,"native":false},{"column":11,"file":"node:net","function":"Socket._writeGeneric","line":958,"method":"_writeGeneric","native":false},{"column":8,"file":"node:net","function":"Socket._write","line":970,"method":"_write","native":false},{"column":12,"file":"node:internal/streams/writable","function":"writeOrBuffer","line":572,"method":null,"native":false},{"column":10,"file":"node:internal/streams/writable","function":"_write","line":501,"method":null,"native":false},{"column":10,"file":"node:internal/streams/writable","function":"Writable.write","line":510,"method":"write","native":false},{"column":23,"file":"/data-nova/ax/DevOps/mcp_master/metrics-mcp/node_modules/winston/lib/winston/transports/console.js","function":"Console.log","line":87,"method":"log","native":false},{"column":19,"file":"/data-nova/ax/DevOps/mcp_master/metrics-mcp/node_modules/winston-transport/modern.js","function":"Console._write","line":82,"method":"_write","native":false},{"column":139,"file":"/data-nova/ax/DevOps/mcp_master/metrics-mcp/node_modules/readable-stream/lib/_stream_writable.js","function":"doWrite","line":390,"method":null,"native":false}]}
2025-03-15T23:56:17.283Z [ERROR] [Uncaught Exception] write EPIPE {"errno":-32,"code":"EPIPE","syscall":"write","stack":"Error: write EPIPE\n    at afterWriteDispatched (node:internal/stream_base_commons:161:15)\n    at writeGeneric (node:internal/stream_base_commons:152:3)\n    at Socket._writeGeneric (node:net:958:11)\n    at Socket._write (node:net:970:8)\n    at writeOrBuffer (node:internal/streams/writable:572:12)\n    at _write (node:internal/streams/writable:501:10)\n    at Writable.write (node:internal/streams/writable:510:10)\n    at Console.log (/data-nova/ax/DevOps/mcp_master/metrics-mcp/node_modules/winston/lib/winston/transports/console.js:87:23)\n    at Console._write (/data-nova/ax/DevOps/mcp_master/metrics-mcp/node_modules/winston-transport/modern.js:82:19)\n    at doWrite (/data-nova/ax/DevOps/mcp_master/metrics-mcp/node_modules/readable-stream/lib/_stream_writable.js:390:139)"}
2025-03-15T23:56:17.284Z [ERROR] uncaughtException: write EPIPE
Error: write EPIPE
    at afterWriteDispatched (node:internal/stream_base_commons:161:15)
    at writeGeneric (node:internal/stream_base_commons:152:3)
    at Socket._writeGeneric (node:net:958:11)
    at Socket._write (node:net:970:8)
    at writeOrBuffer (node:internal/streams/writable:572:12)
    at _write (node:internal/streams/writable:501:10)
    at Writable.write (node:internal/streams/writable:510:10)
    at Console.log (/data-nova/ax/DevOps/mcp_master/metrics-mcp/node_modules/winston/lib/winston/transports/console.js:87:23)
    at Console._write (/data-nova/ax/DevOps/mcp_master/metrics-mcp/node_modules/winston-transport/modern.js:82:19)
    at doWrite (/data-nova/ax/DevOps/mcp_master/metrics-mcp/node_modules/readable-stream/lib/_stream_writable.js:390:139) {"error":{"errno":-32,"code":"EPIPE","syscall":"write"},"stack":"Error: write EPIPE\n    at afterWriteDispatched (node:internal/stream_base_commons:161:15)\n    at writeGeneric (node:internal/stream_base_commons:152:3)\n    at Socket._writeGeneric (node:net:958:11)\n    at Socket._write (node:net:970:8)\n    at writeOrBuffer (node:internal/streams/writable:572:12)\n    at _write (node:internal/streams/writable:501:10)\n    at Writable.write (node:internal/streams/writable:510:10)\n    at Console.log (/data-nova/ax/DevOps/mcp_master/metrics-mcp/node_modules/winston/lib/winston/transports/console.js:87:23)\n    at Console._write (/data-nova/ax/DevOps/mcp_master/metrics-mcp/node_modules/winston-transport/modern.js:82:19)\n    at doWrite (/data-nova/ax/DevOps/mcp_master/metrics-mcp/node_modules/readable-stream/lib/_stream_writable.js:390:139)","exception":true,"date":"Sat Mar 15 2025 16:56:17 GMT-0700 (Mountain Standard Time)","process":{"pid":2284477,"uid":1000,"gid":1001,"cwd":"/data-nova/ax/DevOps/personal/vaeris_synergy","execPath":"/usr/bin/node","version":"v20.19.0","argv":["/usr/bin/node","/data-nova/ax/DevOps/mcp_master/metrics-mcp/build/index.js"],"memoryUsage":{"rss":62631936,"heapTotal":12349440,"heapUsed":11128344,"external":2023123,"arrayBuffers":33240}},"os":{"loadavg":[4.55,4.14,3.71],"uptime":116443.6},"trace":[{"column":15,"file":"node:internal/stream_base_commons","function":"afterWriteDispatched","line":161,"method":null,"native":false},{"column":3,"file":"node:internal/stream_base_commons","function":"writeGeneric","line":152,"method":null,"native":false},{"column":11,"file":"node:net","function":"Socket._writeGeneric","line":958,"method":"_writeGeneric","native":false},{"column":8,"file":"node:net","function":"Socket._write","line":970,"method":"_write","native":false},{"column":12,"file":"node:internal/streams/writable","function":"writeOrBuffer","line":572,"method":null,"native":false},{"column":10,"file":"node:internal/streams/writable","function":"_write","line":501,"method":null,"native":false},{"column":10,"file":"node:internal/streams/writable","function":"Writable.write","line":510,"method":"write","native":false},{"column":23,"file":"/data-nova/ax/DevOps/mcp_master/metrics-mcp/node_modules/winston/lib/winston/transports/console.js","function":"Console.log","line":87,"method":"log","native":false},{"column":19,"file":"/data-nova/ax/DevOps/mcp_master/metrics-mcp/node_modules/winston-transport/modern.js","function":"Console._write","line":82,"method":"_write","native":false},{"column":139,"file":"/data-nova/ax/DevOps/mcp_master/metrics-mcp/node_modules/readable-stream/lib/_stream_writable.js","function":"doWrite","line":390,"method":null,"native":false}]}
2025-03-15T23:56:17.284Z [ERROR] [Uncaught Exception] write EPIPE {"errno":-32,"code":"EPIPE","syscall":"write","stack":"Error: write EPIPE\n    at afterWriteDispatched (node:internal/stream_base_commons:161:15)\n    at writeGeneric (node:internal/stream_base_commons:152:3)\n    at Socket._writeGeneric (node:net:958:11)\n    at Socket._write (node:net:970:8)\n    at writeOrBuffer (node:internal/streams/writable:572:12)\n    at _write (node:internal/streams/writable:501:10)\n    at Writable.write (node:internal/streams/writable:510:10)\n    at Console.log (/data-nova/ax/DevOps/mcp_master/metrics-mcp/node_modules/winston/lib/winston/transports/console.js:87:23)\n    at Console._write (/data-nova/ax/DevOps/mcp_master/metrics-mcp/node_modules/winston-transport/modern.js:82:19)\n    at doWrite (/data-nova/ax/DevOps/mcp_master/metrics-mcp/node_modules/readable-stream/lib/_stream_writable.js:390:139)"}
2025-03-15T23:56:17.284Z [ERROR] uncaughtException: write EPIPE
Error: write EPIPE
    at afterWriteDispatched (node:internal/stream_base_commons:161:15)
    at writeGeneric (node:internal/stream_base_commons:152:3)
    at Socket._writeGeneric (node:net:958:11)
    at Socket._write (node:net:970:8)
    at writeOrBuffer (node:internal/streams/writable:572:12)
    at _write (node:internal/streams/writable:501:10)
    at Writable.write (node:internal/streams/writable:510:10)
    at Console.log (/data-nova/ax/DevOps/mcp_master/metrics-mcp/node_modules/winston/lib/winston/transports/console.js:87:23)
    at Console._write (/data-nova/ax/DevOps/mcp_master/metrics-mcp/node_modules/winston-transport/modern.js:82:19)
    at doWrite (/data-nova/ax/DevOps/mcp_master/metrics-mcp/node_modules/readable-stream/lib/_stream_writable.js:390:139) {"error":{"errno":-32,"code":"EPIPE","syscall":"write"},"stack":"Error: write EPIPE\n    at afterWriteDispatched (node:internal/stream_base_commons:161:15)\n    at writeGeneric (node:internal/stream_base_commons:152:3)\n    at Socket._writeGeneric (node:net:958:11)\n    at Socket._write (node:net:970:8)\n    at writeOrBuffer (node:internal/streams/writable:572:12)\n    at _write (node:internal/streams/writable:501:10)\n    at Writable.write (node:internal/streams/writable:510:10)\n    at Console.log (/data-nova/ax/DevOps/mcp_master/metrics-mcp/node_modules/winston/lib/winston/transports/console.js:87:23)\n    at Console._write (/data-nova/ax/DevOps/mcp_master/metrics-mcp/node_modules/winston-transport/modern.js:82:19)\n    at doWrite (/data-nova/ax/DevOps/mcp_master/metrics-mcp/node_modules/readable-stream/lib/_stream_writable.js:390:139)","exception":true,"date":"Sat Mar 15 2025 16:56:17 GMT-0700 (Mountain Standard Time)","process":{"pid":2284477,"uid":1000,"gid":1001,"cwd":"/data-nova/ax/DevOps/personal/vaeris_synergy","execPath":"/usr/bin/node","version":"v20.19.0","argv":["/usr/bin/node","/data-nova/ax/DevOps/mcp_master/metrics-mcp/build/index.js"],"memoryUsage":{"rss":62902272,"heapTotal":12349440,"heapUsed":11179408,"external":2023123,"arrayBuffers":33240}},"os":{"loadavg":[4.55,4.14,3.71],"uptime":116443.6},"trace":[{"column":15,"file":"node:internal/stream_base_commons","function":"afterWriteDispatched","line":161,"method":null,"native":false},{"column":3,"file":"node:internal/stream_base_commons","function":"writeGeneric","line":152,"method":null,"native":false},{"column":11,"file":"node:net","function":"Socket._writeGeneric","line":958,"method":"_writeGeneric","native":false},{"column":8,"file":"node:net","function":"Socket._write","line":970,"method":"_write","native":false},{"column":12,"file":"node:internal/streams/writable","function":"writeOrBuffer","line":572,"method":null,"native":false},{"column":10,"file":"node:internal/streams/writable","function":"_write","line":501,"method":null,"native":false},{"column":10,"file":"node:internal/streams/writable","function":"Writable.write","line":510,"method":"write","native":false},{"column":23,"file":"/data-nova/ax/DevOps/mcp_master/metrics-mcp/node_modules/winston/lib/winston/transports/console.js","function":"Console.log","line":87,"method":"log","native":false},{"column":19,"file":"/data-nova/ax/DevOps/mcp_master/metrics-mcp/node_modules/winston-transport/modern.js","function":"Console._write","line":82,"method":"_write","native":false},{"column":139,"file":"/data-nova/ax/DevOps/mcp_master/metrics-mcp/node_modules/readable-stream/lib/_stream_writable.js","function":"doWrite","line":390,"method":null,"native":false}]}
2025-03-15T23:56:17.284Z [ERROR] [Uncaught Exception] write EPIPE {"errno":-32,"code":"EPIPE","syscall":"write","stack":"Error: write EPIPE\n    at afterWriteDispatched (node:internal/stream_base_commons:161:15)\n    at writeGeneric (node:internal/stream_base_commons:152:3)\n    at Socket._writeGeneric (node:net:958:11)\n    at Socket._write (node:net:970:8)\n    at writeOrBuffer (node:internal/streams/writable:572:12)\n    at _write (node:internal/streams/writable:501:10)\n    at Writable.write (node:internal/streams/writable:510:10)\n    at Console.log (/data-nova/ax/DevOps/mcp_master/metrics-mcp/node_modules/winston/lib/winston/transports/console.js:87:23)\n    at Console._write (/data-nova/ax/DevOps/mcp_master/metrics-mcp/node_modules/winston-transport/modern.js:82:19)\n    at doWrite (/data-nova/ax/DevOps/mcp_master/metrics-mcp/node_modules/readable-stream/lib/_stream_writable.js:390:139)"}
2025-03-15T23:56:21.256Z [INFO] Initializing Metrics MCP server
2025-03-15T23:56:21.263Z [INFO] Service monitor initialized
2025-03-15T23:56:21.286Z [INFO] Metrics MCP server initialized
2025-03-15T23:56:21.287Z [INFO] Using standard stdio transport
2025-03-15T23:56:21.287Z [INFO] Metrics MCP server running on stdio
2025-03-16T05:30:26.524Z [INFO] Received shutdown signal
2025-03-16T05:30:26.508Z [INFO] Received shutdown signal
2025-03-16T05:30:26.524Z [INFO] Shutting down Metrics MCP server
2025-03-16T05:30:26.509Z [INFO] Shutting down Metrics MCP server
2025-03-16T05:30:27.773Z [ERROR] uncaughtException: write EPIPE
Error: write EPIPE
    at afterWriteDispatched (node:internal/stream_base_commons:161:15)
    at writeGeneric (node:internal/stream_base_commons:152:3)
    at Socket._writeGeneric (node:net:958:11)
    at Socket._write (node:net:970:8)
    at writeOrBuffer (node:internal/streams/writable:572:12)
    at _write (node:internal/streams/writable:501:10)
    at Writable.write (node:internal/streams/writable:510:10)
    at Console.log (/data-nova/ax/DevOps/mcp_master/metrics-mcp/node_modules/winston/lib/winston/transports/console.js:87:23)
    at Console._write (/data-nova/ax/DevOps/mcp_master/metrics-mcp/node_modules/winston-transport/modern.js:82:19)
    at doWrite (/data-nova/ax/DevOps/mcp_master/metrics-mcp/node_modules/readable-stream/lib/_stream_writable.js:390:139) {"error":{"errno":-32,"code":"EPIPE","syscall":"write"},"stack":"Error: write EPIPE\n    at afterWriteDispatched (node:internal/stream_base_commons:161:15)\n    at writeGeneric (node:internal/stream_base_commons:152:3)\n    at Socket._writeGeneric (node:net:958:11)\n    at Socket._write (node:net:970:8)\n    at writeOrBuffer (node:internal/streams/writable:572:12)\n    at _write (node:internal/streams/writable:501:10)\n    at Writable.write (node:internal/streams/writable:510:10)\n    at Console.log (/data-nova/ax/DevOps/mcp_master/metrics-mcp/node_modules/winston/lib/winston/transports/console.js:87:23)\n    at Console._write (/data-nova/ax/DevOps/mcp_master/metrics-mcp/node_modules/winston-transport/modern.js:82:19)\n    at doWrite (/data-nova/ax/DevOps/mcp_master/metrics-mcp/node_modules/readable-stream/lib/_stream_writable.js:390:139)","exception":true,"date":"Sat Mar 15 2025 22:30:27 GMT-0700 (Mountain Standard Time)","process":{"pid":2502578,"uid":1000,"gid":1001,"cwd":"/data-nova/ax/DevOps/personal/vaeris_synergy","execPath":"/usr/bin/node","version":"v20.19.0","argv":["/usr/bin/node","/data-nova/ax/DevOps/mcp_master/metrics-mcp/build/index.js"],"memoryUsage":{"rss":63295488,"heapTotal":12349440,"heapUsed":11440496,"external":2007474,"arrayBuffers":17631}},"os":{"loadavg":[4.43,4.67,4.19],"uptime":136494.09},"trace":[{"column":15,"file":"node:internal/stream_base_commons","function":"afterWriteDispatched","line":161,"method":null,"native":false},{"column":3,"file":"node:internal/stream_base_commons","function":"writeGeneric","line":152,"method":null,"native":false},{"column":11,"file":"node:net","function":"Socket._writeGeneric","line":958,"method":"_writeGeneric","native":false},{"column":8,"file":"node:net","function":"Socket._write","line":970,"method":"_write","native":false},{"column":12,"file":"node:internal/streams/writable","function":"writeOrBuffer","line":572,"method":null,"native":false},{"column":10,"file":"node:internal/streams/writable","function":"_write","line":501,"method":null,"native":false},{"column":10,"file":"node:internal/streams/writable","function":"Writable.write","line":510,"method":"write","native":false},{"column":23,"file":"/data-nova/ax/DevOps/mcp_master/metrics-mcp/node_modules/winston/lib/winston/transports/console.js","function":"Console.log","line":87,"method":"log","native":false},{"column":19,"file":"/data-nova/ax/DevOps/mcp_master/metrics-mcp/node_modules/winston-transport/modern.js","function":"Console._write","line":82,"method":"_write","native":false},{"column":139,"file":"/data-nova/ax/DevOps/mcp_master/metrics-mcp/node_modules/readable-stream/lib/_stream_writable.js","function":"doWrite","line":390,"method":null,"native":false}]}
2025-03-16T05:30:27.773Z [ERROR] uncaughtException: write EPIPE
Error: write EPIPE
    at afterWriteDispatched (node:internal/stream_base_commons:161:15)
    at writeGeneric (node:internal/stream_base_commons:152:3)
    at Socket._writeGeneric (node:net:958:11)
    at Socket._write (node:net:970:8)
    at writeOrBuffer (node:internal/streams/writable:572:12)
    at _write (node:internal/streams/writable:501:10)
    at Writable.write (node:internal/streams/writable:510:10)
    at Console.log (/data-nova/ax/DevOps/mcp_master/metrics-mcp/node_modules/winston/lib/winston/transports/console.js:87:23)
    at Console._write (/data-nova/ax/DevOps/mcp_master/metrics-mcp/node_modules/winston-transport/modern.js:82:19)
    at doWrite (/data-nova/ax/DevOps/mcp_master/metrics-mcp/node_modules/readable-stream/lib/_stream_writable.js:390:139) {"error":{"errno":-32,"code":"EPIPE","syscall":"write"},"stack":"Error: write EPIPE\n    at afterWriteDispatched (node:internal/stream_base_commons:161:15)\n    at writeGeneric (node:internal/stream_base_commons:152:3)\n    at Socket._writeGeneric (node:net:958:11)\n    at Socket._write (node:net:970:8)\n    at writeOrBuffer (node:internal/streams/writable:572:12)\n    at _write (node:internal/streams/writable:501:10)\n    at Writable.write (node:internal/streams/writable:510:10)\n    at Console.log (/data-nova/ax/DevOps/mcp_master/metrics-mcp/node_modules/winston/lib/winston/transports/console.js:87:23)\n    at Console._write (/data-nova/ax/DevOps/mcp_master/metrics-mcp/node_modules/winston-transport/modern.js:82:19)\n    at doWrite (/data-nova/ax/DevOps/mcp_master/metrics-mcp/node_modules/readable-stream/lib/_stream_writable.js:390:139)","exception":true,"date":"Sat Mar 15 2025 22:30:27 GMT-0700 (Mountain Standard Time)","process":{"pid":764433,"uid":1000,"gid":1001,"cwd":"/data-nova/ax/DevOps/personal/vaeris_synergy","execPath":"/usr/bin/node","version":"v20.18.3","argv":["/usr/bin/node","/data-nova/ax/DevOps/mcp_master/metrics-mcp/build/index.js"],"memoryUsage":{"rss":63500288,"heapTotal":12611584,"heapUsed":11128752,"external":2037396,"arrayBuffers":16701}},"os":{"loadavg":[4.43,4.67,4.19],"uptime":136494.09},"trace":[{"column":15,"file":"node:internal/stream_base_commons","function":"afterWriteDispatched","line":161,"method":null,"native":false},{"column":3,"file":"node:internal/stream_base_commons","function":"writeGeneric","line":152,"method":null,"native":false},{"column":11,"file":"node:net","function":"Socket._writeGeneric","line":958,"method":"_writeGeneric","native":false},{"column":8,"file":"node:net","function":"Socket._write","line":970,"method":"_write","native":false},{"column":12,"file":"node:internal/streams/writable","function":"writeOrBuffer","line":572,"method":null,"native":false},{"column":10,"file":"node:internal/streams/writable","function":"_write","line":501,"method":null,"native":false},{"column":10,"file":"node:internal/streams/writable","function":"Writable.write","line":510,"method":"write","native":false},{"column":23,"file":"/data-nova/ax/DevOps/mcp_master/metrics-mcp/node_modules/winston/lib/winston/transports/console.js","function":"Console.log","line":87,"method":"log","native":false},{"column":19,"file":"/data-nova/ax/DevOps/mcp_master/metrics-mcp/node_modules/winston-transport/modern.js","function":"Console._write","line":82,"method":"_write","native":false},{"column":139,"file":"/data-nova/ax/DevOps/mcp_master/metrics-mcp/node_modules/readable-stream/lib/_stream_writable.js","function":"doWrite","line":390,"method":null,"native":false}]}
2025-03-16T05:30:27.773Z [ERROR] [Uncaught Exception] write EPIPE {"errno":-32,"code":"EPIPE","syscall":"write","stack":"Error: write EPIPE\n    at afterWriteDispatched (node:internal/stream_base_commons:161:15)\n    at writeGeneric (node:internal/stream_base_commons:152:3)\n    at Socket._writeGeneric (node:net:958:11)\n    at Socket._write (node:net:970:8)\n    at writeOrBuffer (node:internal/streams/writable:572:12)\n    at _write (node:internal/streams/writable:501:10)\n    at Writable.write (node:internal/streams/writable:510:10)\n    at Console.log (/data-nova/ax/DevOps/mcp_master/metrics-mcp/node_modules/winston/lib/winston/transports/console.js:87:23)\n    at Console._write (/data-nova/ax/DevOps/mcp_master/metrics-mcp/node_modules/winston-transport/modern.js:82:19)\n    at doWrite (/data-nova/ax/DevOps/mcp_master/metrics-mcp/node_modules/readable-stream/lib/_stream_writable.js:390:139)"}
2025-03-16T05:30:27.774Z [ERROR] uncaughtException: write EPIPE
Error: write EPIPE
    at afterWriteDispatched (node:internal/stream_base_commons:161:15)
    at writeGeneric (node:internal/stream_base_commons:152:3)
    at Socket._writeGeneric (node:net:958:11)
    at Socket._write (node:net:970:8)
    at writeOrBuffer (node:internal/streams/writable:572:12)
    at _write (node:internal/streams/writable:501:10)
    at Writable.write (node:internal/streams/writable:510:10)
    at Console.log (/data-nova/ax/DevOps/mcp_master/metrics-mcp/node_modules/winston/lib/winston/transports/console.js:87:23)
    at Console._write (/data-nova/ax/DevOps/mcp_master/metrics-mcp/node_modules/winston-transport/modern.js:82:19)
    at doWrite (/data-nova/ax/DevOps/mcp_master/metrics-mcp/node_modules/readable-stream/lib/_stream_writable.js:390:139) {"error":{"errno":-32,"code":"EPIPE","syscall":"write"},"stack":"Error: write EPIPE\n    at afterWriteDispatched (node:internal/stream_base_commons:161:15)\n    at writeGeneric (node:internal/stream_base_commons:152:3)\n    at Socket._writeGeneric (node:net:958:11)\n    at Socket._write (node:net:970:8)\n    at writeOrBuffer (node:internal/streams/writable:572:12)\n    at _write (node:internal/streams/writable:501:10)\n    at Writable.write (node:internal/streams/writable:510:10)\n    at Console.log (/data-nova/ax/DevOps/mcp_master/metrics-mcp/node_modules/winston/lib/winston/transports/console.js:87:23)\n    at Console._write (/data-nova/ax/DevOps/mcp_master/metrics-mcp/node_modules/winston-transport/modern.js:82:19)\n    at doWrite (/data-nova/ax/DevOps/mcp_master/metrics-mcp/node_modules/readable-stream/lib/_stream_writable.js:390:139)","exception":true,"date":"Sat Mar 15 2025 22:30:27 GMT-0700 (Mountain Standard Time)","process":{"pid":764433,"uid":1000,"gid":1001,"cwd":"/data-nova/ax/DevOps/personal/vaeris_synergy","execPath":"/usr/bin/node","version":"v20.18.3","argv":["/usr/bin/node","/data-nova/ax/DevOps/mcp_master/metrics-mcp/build/index.js"],"memoryUsage":{"rss":63500288,"heapTotal":12611584,"heapUsed":11201112,"external":2037460,"arrayBuffers":16725}},"os":{"loadavg":[4.43,4.67,4.19],"uptime":136494.09},"trace":[{"column":15,"file":"node:internal/stream_base_commons","function":"afterWriteDispatched","line":161,"method":null,"native":false},{"column":3,"file":"node:internal/stream_base_commons","function":"writeGeneric","line":152,"method":null,"native":false},{"column":11,"file":"node:net","function":"Socket._writeGeneric","line":958,"method":"_writeGeneric","native":false},{"column":8,"file":"node:net","function":"Socket._write","line":970,"method":"_write","native":false},{"column":12,"file":"node:internal/streams/writable","function":"writeOrBuffer","line":572,"method":null,"native":false},{"column":10,"file":"node:internal/streams/writable","function":"_write","line":501,"method":null,"native":false},{"column":10,"file":"node:internal/streams/writable","function":"Writable.write","line":510,"method":"write","native":false},{"column":23,"file":"/data-nova/ax/DevOps/mcp_master/metrics-mcp/node_modules/winston/lib/winston/transports/console.js","function":"Console.log","line":87,"method":"log","native":false},{"column":19,"file":"/data-nova/ax/DevOps/mcp_master/metrics-mcp/node_modules/winston-transport/modern.js","function":"Console._write","line":82,"method":"_write","native":false},{"column":139,"file":"/data-nova/ax/DevOps/mcp_master/metrics-mcp/node_modules/readable-stream/lib/_stream_writable.js","function":"doWrite","line":390,"method":null,"native":false}]}
2025-03-16T05:30:27.774Z [ERROR] [Uncaught Exception] write EPIPE {"errno":-32,"code":"EPIPE","syscall":"write","stack":"Error: write EPIPE\n    at afterWriteDispatched (node:internal/stream_base_commons:161:15)\n    at writeGeneric (node:internal/stream_base_commons:152:3)\n    at Socket._writeGeneric (node:net:958:11)\n    at Socket._write (node:net:970:8)\n    at writeOrBuffer (node:internal/streams/writable:572:12)\n    at _write (node:internal/streams/writable:501:10)\n    at Writable.write (node:internal/streams/writable:510:10)\n    at Console.log (/data-nova/ax/DevOps/mcp_master/metrics-mcp/node_modules/winston/lib/winston/transports/console.js:87:23)\n    at Console._write (/data-nova/ax/DevOps/mcp_master/metrics-mcp/node_modules/winston-transport/modern.js:82:19)\n    at doWrite (/data-nova/ax/DevOps/mcp_master/metrics-mcp/node_modules/readable-stream/lib/_stream_writable.js:390:139)"}
2025-03-16T05:30:27.775Z [ERROR] uncaughtException: write EPIPE
Error: write EPIPE
    at afterWriteDispatched (node:internal/stream_base_commons:161:15)
    at writeGeneric (node:internal/stream_base_commons:152:3)
    at Socket._writeGeneric (node:net:958:11)
    at Socket._write (node:net:970:8)
    at writeOrBuffer (node:internal/streams/writable:572:12)
    at _write (node:internal/streams/writable:501:10)
    at Writable.write (node:internal/streams/writable:510:10)
    at Console.log (/data-nova/ax/DevOps/mcp_master/metrics-mcp/node_modules/winston/lib/winston/transports/console.js:87:23)
    at Console._write (/data-nova/ax/DevOps/mcp_master/metrics-mcp/node_modules/winston-transport/modern.js:82:19)
    at doWrite (/data-nova/ax/DevOps/mcp_master/metrics-mcp/node_modules/readable-stream/lib/_stream_writable.js:390:139) {"error":{"errno":-32,"code":"EPIPE","syscall":"write"},"stack":"Error: write EPIPE\n    at afterWriteDispatched (node:internal/stream_base_commons:161:15)\n    at writeGeneric (node:internal/stream_base_commons:152:3)\n    at Socket._writeGeneric (node:net:958:11)\n    at Socket._write (node:net:970:8)\n    at writeOrBuffer (node:internal/streams/writable:572:12)\n    at _write (node:internal/streams/writable:501:10)\n    at Writable.write (node:internal/streams/writable:510:10)\n    at Console.log (/data-nova/ax/DevOps/mcp_master/metrics-mcp/node_modules/winston/lib/winston/transports/console.js:87:23)\n    at Console._write (/data-nova/ax/DevOps/mcp_master/metrics-mcp/node_modules/winston-transport/modern.js:82:19)\n    at doWrite (/data-nova/ax/DevOps/mcp_master/metrics-mcp/node_modules/readable-stream/lib/_stream_writable.js:390:139)","exception":true,"date":"Sat Mar 15 2025 22:30:27 GMT-0700 (Mountain Standard Time)","process":{"pid":764433,"uid":1000,"gid":1001,"cwd":"/data-nova/ax/DevOps/personal/vaeris_synergy","execPath":"/usr/bin/node","version":"v20.18.3","argv":["/usr/bin/node","/data-nova/ax/DevOps/mcp_master/metrics-mcp/build/index.js"],"memoryUsage":{"rss":63770624,"heapTotal":12611584,"heapUsed":11251272,"external":2045652,"arrayBuffers":24917}},"os":{"loadavg":[4.43,4.67,4.19],"uptime":136494.09},"trace":[{"column":15,"file":"node:internal/stream_base_commons","function":"afterWriteDispatched","line":161,"method":null,"native":false},{"column":3,"file":"node:internal/stream_base_commons","function":"writeGeneric","line":152,"method":null,"native":false},{"column":11,"file":"node:net","function":"Socket._writeGeneric","line":958,"method":"_writeGeneric","native":false},{"column":8,"file":"node:net","function":"Socket._write","line":970,"method":"_write","native":false},{"column":12,"file":"node:internal/streams/writable","function":"writeOrBuffer","line":572,"method":null,"native":false},{"column":10,"file":"node:internal/streams/writable","function":"_write","line":501,"method":null,"native":false},{"column":10,"file":"node:internal/streams/writable","function":"Writable.write","line":510,"method":"write","native":false},{"column":23,"file":"/data-nova/ax/DevOps/mcp_master/metrics-mcp/node_modules/winston/lib/winston/transports/console.js","function":"Console.log","line":87,"method":"log","native":false},{"column":19,"file":"/data-nova/ax/DevOps/mcp_master/metrics-mcp/node_modules/winston-transport/modern.js","function":"Console._write","line":82,"method":"_write","native":false},{"column":139,"file":"/data-nova/ax/DevOps/mcp_master/metrics-mcp/node_modules/readable-stream/lib/_stream_writable.js","function":"doWrite","line":390,"method":null,"native":false}]}
2025-03-16T05:30:27.775Z [ERROR] [Uncaught Exception] write EPIPE {"errno":-32,"code":"EPIPE","syscall":"write","stack":"Error: write EPIPE\n    at afterWriteDispatched (node:internal/stream_base_commons:161:15)\n    at writeGeneric (node:internal/stream_base_commons:152:3)\n    at Socket._writeGeneric (node:net:958:11)\n    at Socket._write (node:net:970:8)\n    at writeOrBuffer (node:internal/streams/writable:572:12)\n    at _write (node:internal/streams/writable:501:10)\n    at Writable.write (node:internal/streams/writable:510:10)\n    at Console.log (/data-nova/ax/DevOps/mcp_master/metrics-mcp/node_modules/winston/lib/winston/transports/console.js:87:23)\n    at Console._write (/data-nova/ax/DevOps/mcp_master/metrics-mcp/node_modules/winston-transport/modern.js:82:19)\n    at doWrite (/data-nova/ax/DevOps/mcp_master/metrics-mcp/node_modules/readable-stream/lib/_stream_writable.js:390:139)"}
2025-03-16T05:30:27.775Z [ERROR] uncaughtException: write EPIPE
Error: write EPIPE
    at afterWriteDispatched (node:internal/stream_base_commons:161:15)
    at writeGeneric (node:internal/stream_base_commons:152:3)
    at Socket._writeGeneric (node:net:958:11)
    at Socket._write (node:net:970:8)
    at writeOrBuffer (node:internal/streams/writable:572:12)
    at _write (node:internal/streams/writable:501:10)
    at Writable.write (node:internal/streams/writable:510:10)
    at Console.log (/data-nova/ax/DevOps/mcp_master/metrics-mcp/node_modules/winston/lib/winston/transports/console.js:87:23)
    at Console._write (/data-nova/ax/DevOps/mcp_master/metrics-mcp/node_modules/winston-transport/modern.js:82:19)
    at doWrite (/data-nova/ax/DevOps/mcp_master/metrics-mcp/node_modules/readable-stream/lib/_stream_writable.js:390:139) {"error":{"errno":-32,"code":"EPIPE","syscall":"write"},"stack":"Error: write EPIPE\n    at afterWriteDispatched (node:internal/stream_base_commons:161:15)\n    at writeGeneric (node:internal/stream_base_commons:152:3)\n    at Socket._writeGeneric (node:net:958:11)\n    at Socket._write (node:net:970:8)\n    at writeOrBuffer (node:internal/streams/writable:572:12)\n    at _write (node:internal/streams/writable:501:10)\n    at Writable.write (node:internal/streams/writable:510:10)\n    at Console.log (/data-nova/ax/DevOps/mcp_master/metrics-mcp/node_modules/winston/lib/winston/transports/console.js:87:23)\n    at Console._write (/data-nova/ax/DevOps/mcp_master/metrics-mcp/node_modules/winston-transport/modern.js:82:19)\n    at doWrite (/data-nova/ax/DevOps/mcp_master/metrics-mcp/node_modules/readable-stream/lib/_stream_writable.js:390:139)","exception":true,"date":"Sat Mar 15 2025 22:30:27 GMT-0700 (Mountain Standard Time)","process":{"pid":764433,"uid":1000,"gid":1001,"cwd":"/data-nova/ax/DevOps/personal/vaeris_synergy","execPath":"/usr/bin/node","version":"v20.18.3","argv":["/usr/bin/node","/data-nova/ax/DevOps/mcp_master/metrics-mcp/build/index.js"],"memoryUsage":{"rss":63770624,"heapTotal":12611584,"heapUsed":11300160,"external":2053844,"arrayBuffers":33109}},"os":{"loadavg":[4.43,4.67,4.19],"uptime":136494.09},"trace":[{"column":15,"file":"node:internal/stream_base_commons","function":"afterWriteDispatched","line":161,"method":null,"native":false},{"column":3,"file":"node:internal/stream_base_commons","function":"writeGeneric","line":152,"method":null,"native":false},{"column":11,"file":"node:net","function":"Socket._writeGeneric","line":958,"method":"_writeGeneric","native":false},{"column":8,"file":"node:net","function":"Socket._write","line":970,"method":"_write","native":false},{"column":12,"file":"node:internal/streams/writable","function":"writeOrBuffer","line":572,"method":null,"native":false},{"column":10,"file":"node:internal/streams/writable","function":"_write","line":501,"method":null,"native":false},{"column":10,"file":"node:internal/streams/writable","function":"Writable.write","line":510,"method":"write","native":false},{"column":23,"file":"/data-nova/ax/DevOps/mcp_master/metrics-mcp/node_modules/winston/lib/winston/transports/console.js","function":"Console.log","line":87,"method":"log","native":false},{"column":19,"file":"/data-nova/ax/DevOps/mcp_master/metrics-mcp/node_modules/winston-transport/modern.js","function":"Console._write","line":82,"method":"_write","native":false},{"column":139,"file":"/data-nova/ax/DevOps/mcp_master/metrics-mcp/node_modules/readable-stream/lib/_stream_writable.js","function":"doWrite","line":390,"method":null,"native":false}]}
2025-03-16T05:30:27.773Z [ERROR] [Uncaught Exception] write EPIPE {"errno":-32,"code":"EPIPE","syscall":"write","stack":"Error: write EPIPE\n    at afterWriteDispatched (node:internal/stream_base_commons:161:15)\n    at writeGeneric (node:internal/stream_base_commons:152:3)\n    at Socket._writeGeneric (node:net:958:11)\n    at Socket._write (node:net:970:8)\n    at writeOrBuffer (node:internal/streams/writable:572:12)\n    at _write (node:internal/streams/writable:501:10)\n    at Writable.write (node:internal/streams/writable:510:10)\n    at Console.log (/data-nova/ax/DevOps/mcp_master/metrics-mcp/node_modules/winston/lib/winston/transports/console.js:87:23)\n    at Console._write (/data-nova/ax/DevOps/mcp_master/metrics-mcp/node_modules/winston-transport/modern.js:82:19)\n    at doWrite (/data-nova/ax/DevOps/mcp_master/metrics-mcp/node_modules/readable-stream/lib/_stream_writable.js:390:139)"}
2025-03-16T05:30:27.774Z [ERROR] uncaughtException: write EPIPE
Error: write EPIPE
    at afterWriteDispatched (node:internal/stream_base_commons:161:15)
    at writeGeneric (node:internal/stream_base_commons:152:3)
    at Socket._writeGeneric (node:net:958:11)
    at Socket._write (node:net:970:8)
    at writeOrBuffer (node:internal/streams/writable:572:12)
    at _write (node:internal/streams/writable:501:10)
    at Writable.write (node:internal/streams/writable:510:10)
    at Console.log (/data-nova/ax/DevOps/mcp_master/metrics-mcp/node_modules/winston/lib/winston/transports/console.js:87:23)
    at Console._write (/data-nova/ax/DevOps/mcp_master/metrics-mcp/node_modules/winston-transport/modern.js:82:19)
    at doWrite (/data-nova/ax/DevOps/mcp_master/metrics-mcp/node_modules/readable-stream/lib/_stream_writable.js:390:139) {"error":{"errno":-32,"code":"EPIPE","syscall":"write"},"stack":"Error: write EPIPE\n    at afterWriteDispatched (node:internal/stream_base_commons:161:15)\n    at writeGeneric (node:internal/stream_base_commons:152:3)\n    at Socket._writeGeneric (node:net:958:11)\n    at Socket._write (node:net:970:8)\n    at writeOrBuffer (node:internal/streams/writable:572:12)\n    at _write (node:internal/streams/writable:501:10)\n    at Writable.write (node:internal/streams/writable:510:10)\n    at Console.log (/data-nova/ax/DevOps/mcp_master/metrics-mcp/node_modules/winston/lib/winston/transports/console.js:87:23)\n    at Console._write (/data-nova/ax/DevOps/mcp_master/metrics-mcp/node_modules/winston-transport/modern.js:82:19)\n    at doWrite (/data-nova/ax/DevOps/mcp_master/metrics-mcp/node_modules/readable-stream/lib/_stream_writable.js:390:139)","exception":true,"date":"Sat Mar 15 2025 22:30:27 GMT-0700 (Mountain Standard Time)","process":{"pid":2502578,"uid":1000,"gid":1001,"cwd":"/data-nova/ax/DevOps/personal/vaeris_synergy","execPath":"/usr/bin/node","version":"v20.19.0","argv":["/usr/bin/node","/data-nova/ax/DevOps/mcp_master/metrics-mcp/build/index.js"],"memoryUsage":{"rss":63295488,"heapTotal":12349440,"heapUsed":11513336,"external":2007538,"arrayBuffers":17655}},"os":{"loadavg":[4.43,4.67,4.19],"uptime":136494.09},"trace":[{"column":15,"file":"node:internal/stream_base_commons","function":"afterWriteDispatched","line":161,"method":null,"native":false},{"column":3,"file":"node:internal/stream_base_commons","function":"writeGeneric","line":152,"method":null,"native":false},{"column":11,"file":"node:net","function":"Socket._writeGeneric","line":958,"method":"_writeGeneric","native":false},{"column":8,"file":"node:net","function":"Socket._write","line":970,"method":"_write","native":false},{"column":12,"file":"node:internal/streams/writable","function":"writeOrBuffer","line":572,"method":null,"native":false},{"column":10,"file":"node:internal/streams/writable","function":"_write","line":501,"method":null,"native":false},{"column":10,"file":"node:internal/streams/writable","function":"Writable.write","line":510,"method":"write","native":false},{"column":23,"file":"/data-nova/ax/DevOps/mcp_master/metrics-mcp/node_modules/winston/lib/winston/transports/console.js","function":"Console.log","line":87,"method":"log","native":false},{"column":19,"file":"/data-nova/ax/DevOps/mcp_master/metrics-mcp/node_modules/winston-transport/modern.js","function":"Console._write","line":82,"method":"_write","native":false},{"column":139,"file":"/data-nova/ax/DevOps/mcp_master/metrics-mcp/node_modules/readable-stream/lib/_stream_writable.js","function":"doWrite","line":390,"method":null,"native":false}]}
2025-03-16T05:30:27.774Z [ERROR] [Uncaught Exception] write EPIPE {"errno":-32,"code":"EPIPE","syscall":"write","stack":"Error: write EPIPE\n    at afterWriteDispatched (node:internal/stream_base_commons:161:15)\n    at writeGeneric (node:internal/stream_base_commons:152:3)\n    at Socket._writeGeneric (node:net:958:11)\n    at Socket._write (node:net:970:8)\n    at writeOrBuffer (node:internal/streams/writable:572:12)\n    at _write (node:internal/streams/writable:501:10)\n    at Writable.write (node:internal/streams/writable:510:10)\n    at Console.log (/data-nova/ax/DevOps/mcp_master/metrics-mcp/node_modules/winston/lib/winston/transports/console.js:87:23)\n    at Console._write (/data-nova/ax/DevOps/mcp_master/metrics-mcp/node_modules/winston-transport/modern.js:82:19)\n    at doWrite (/data-nova/ax/DevOps/mcp_master/metrics-mcp/node_modules/readable-stream/lib/_stream_writable.js:390:139)"}
2025-03-16T05:30:27.775Z [ERROR] uncaughtException: write EPIPE
Error: write EPIPE
    at afterWriteDispatched (node:internal/stream_base_commons:161:15)
    at writeGeneric (node:internal/stream_base_commons:152:3)
    at Socket._writeGeneric (node:net:958:11)
    at Socket._write (node:net:970:8)
    at writeOrBuffer (node:internal/streams/writable:572:12)
    at _write (node:internal/streams/writable:501:10)
    at Writable.write (node:internal/streams/writable:510:10)
    at Console.log (/data-nova/ax/DevOps/mcp_master/metrics-mcp/node_modules/winston/lib/winston/transports/console.js:87:23)
    at Console._write (/data-nova/ax/DevOps/mcp_master/metrics-mcp/node_modules/winston-transport/modern.js:82:19)
    at doWrite (/data-nova/ax/DevOps/mcp_master/metrics-mcp/node_modules/readable-stream/lib/_stream_writable.js:390:139) {"error":{"errno":-32,"code":"EPIPE","syscall":"write"},"stack":"Error: write EPIPE\n    at afterWriteDispatched (node:internal/stream_base_commons:161:15)\n    at writeGeneric (node:internal/stream_base_commons:152:3)\n    at Socket._writeGeneric (node:net:958:11)\n    at Socket._write (node:net:970:8)\n    at writeOrBuffer (node:internal/streams/writable:572:12)\n    at _write (node:internal/streams/writable:501:10)\n    at Writable.write (node:internal/streams/writable:510:10)\n    at Console.log (/data-nova/ax/DevOps/mcp_master/metrics-mcp/node_modules/winston/lib/winston/transports/console.js:87:23)\n    at Console._write (/data-nova/ax/DevOps/mcp_master/metrics-mcp/node_modules/winston-transport/modern.js:82:19)\n    at doWrite (/data-nova/ax/DevOps/mcp_master/metrics-mcp/node_modules/readable-stream/lib/_stream_writable.js:390:139)","exception":true,"date":"Sat Mar 15 2025 22:30:27 GMT-0700 (Mountain Standard Time)","process":{"pid":2502578,"uid":1000,"gid":1001,"cwd":"/data-nova/ax/DevOps/personal/vaeris_synergy","execPath":"/usr/bin/node","version":"v20.19.0","argv":["/usr/bin/node","/data-nova/ax/DevOps/mcp_master/metrics-mcp/build/index.js"],"memoryUsage":{"rss":63295488,"heapTotal":12349440,"heapUsed":11564752,"external":2015730,"arrayBuffers":25847}},"os":{"loadavg":[4.43,4.67,4.19],"uptime":136494.09},"trace":[{"column":15,"file":"node:internal/stream_base_commons","function":"afterWriteDispatched","line":161,"method":null,"native":false},{"column":3,"file":"node:internal/stream_base_commons","function":"writeGeneric","line":152,"method":null,"native":false},{"column":11,"file":"node:net","function":"Socket._writeGeneric","line":958,"method":"_writeGeneric","native":false},{"column":8,"file":"node:net","function":"Socket._write","line":970,"method":"_write","native":false},{"column":12,"file":"node:internal/streams/writable","function":"writeOrBuffer","line":572,"method":null,"native":false},{"column":10,"file":"node:internal/streams/writable","function":"_write","line":501,"method":null,"native":false},{"column":10,"file":"node:internal/streams/writable","function":"Writable.write","line":510,"method":"write","native":false},{"column":23,"file":"/data-nova/ax/DevOps/mcp_master/metrics-mcp/node_modules/winston/lib/winston/transports/console.js","function":"Console.log","line":87,"method":"log","native":false},{"column":19,"file":"/data-nova/ax/DevOps/mcp_master/metrics-mcp/node_modules/winston-transport/modern.js","function":"Console._write","line":82,"method":"_write","native":false},{"column":139,"file":"/data-nova/ax/DevOps/mcp_master/metrics-mcp/node_modules/readable-stream/lib/_stream_writable.js","function":"doWrite","line":390,"method":null,"native":false}]}
2025-03-16T05:30:27.775Z [ERROR] [Uncaught Exception] write EPIPE {"errno":-32,"code":"EPIPE","syscall":"write","stack":"Error: write EPIPE\n    at afterWriteDispatched (node:internal/stream_base_commons:161:15)\n    at writeGeneric (node:internal/stream_base_commons:152:3)\n    at Socket._writeGeneric (node:net:958:11)\n    at Socket._write (node:net:970:8)\n    at writeOrBuffer (node:internal/streams/writable:572:12)\n    at _write (node:internal/streams/writable:501:10)\n    at Writable.write (node:internal/streams/writable:510:10)\n    at Console.log (/data-nova/ax/DevOps/mcp_master/metrics-mcp/node_modules/winston/lib/winston/transports/console.js:87:23)\n    at Console._write (/data-nova/ax/DevOps/mcp_master/metrics-mcp/node_modules/winston-transport/modern.js:82:19)\n    at doWrite (/data-nova/ax/DevOps/mcp_master/metrics-mcp/node_modules/readable-stream/lib/_stream_writable.js:390:139)"}
2025-03-16T05:30:27.775Z [ERROR] uncaughtException: write EPIPE
Error: write EPIPE
    at afterWriteDispatched (node:internal/stream_base_commons:161:15)
    at writeGeneric (node:internal/stream_base_commons:152:3)
    at Socket._writeGeneric (node:net:958:11)
    at Socket._write (node:net:970:8)
    at writeOrBuffer (node:internal/streams/writable:572:12)
    at _write (node:internal/streams/writable:501:10)
    at Writable.write (node:internal/streams/writable:510:10)
    at Console.log (/data-nova/ax/DevOps/mcp_master/metrics-mcp/node_modules/winston/lib/winston/transports/console.js:87:23)
    at Console._write (/data-nova/ax/DevOps/mcp_master/metrics-mcp/node_modules/winston-transport/modern.js:82:19)
    at doWrite (/data-nova/ax/DevOps/mcp_master/metrics-mcp/node_modules/readable-stream/lib/_stream_writable.js:390:139) {"error":{"errno":-32,"code":"EPIPE","syscall":"write"},"stack":"Error: write EPIPE\n    at afterWriteDispatched (node:internal/stream_base_commons:161:15)\n    at writeGeneric (node:internal/stream_base_commons:152:3)\n    at Socket._writeGeneric (node:net:958:11)\n    at Socket._write (node:net:970:8)\n    at writeOrBuffer (node:internal/streams/writable:572:12)\n    at _write (node:internal/streams/writable:501:10)\n    at Writable.write (node:internal/streams/writable:510:10)\n    at Console.log (/data-nova/ax/DevOps/mcp_master/metrics-mcp/node_modules/winston/lib/winston/transports/console.js:87:23)\n    at Console._write (/data-nova/ax/DevOps/mcp_master/metrics-mcp/node_modules/winston-transport/modern.js:82:19)\n    at doWrite (/data-nova/ax/DevOps/mcp_master/metrics-mcp/node_modules/readable-stream/lib/_stream_writable.js:390:139)","exception":true,"date":"Sat Mar 15 2025 22:30:27 GMT-0700 (Mountain Standard Time)","process":{"pid":2502578,"uid":1000,"gid":1001,"cwd":"/data-nova/ax/DevOps/personal/vaeris_synergy","execPath":"/usr/bin/node","version":"v20.19.0","argv":["/usr/bin/node","/data-nova/ax/DevOps/mcp_master/metrics-mcp/build/index.js"],"memoryUsage":{"rss":63295488,"heapTotal":12349440,"heapUsed":11614232,"external":2023922,"arrayBuffers":34039}},"os":{"loadavg":[4.43,4.67,4.19],"uptime":136494.09},"trace":[{"column":15,"file":"node:internal/stream_base_commons","function":"afterWriteDispatched","line":161,"method":null,"native":false},{"column":3,"file":"node:internal/stream_base_commons","function":"writeGeneric","line":152,"method":null,"native":false},{"column":11,"file":"node:net","function":"Socket._writeGeneric","line":958,"method":"_writeGeneric","native":false},{"column":8,"file":"node:net","function":"Socket._write","line":970,"method":"_write","native":false},{"column":12,"file":"node:internal/streams/writable","function":"writeOrBuffer","line":572,"method":null,"native":false},{"column":10,"file":"node:internal/streams/writable","function":"_write","line":501,"method":null,"native":false},{"column":10,"file":"node:internal/streams/writable","function":"Writable.write","line":510,"method":"write","native":false},{"column":23,"file":"/data-nova/ax/DevOps/mcp_master/metrics-mcp/node_modules/winston/lib/winston/transports/console.js","function":"Console.log","line":87,"method":"log","native":false},{"column":19,"file":"/data-nova/ax/DevOps/mcp_master/metrics-mcp/node_modules/winston-transport/modern.js","function":"Console._write","line":82,"method":"_write","native":false},{"column":139,"file":"/data-nova/ax/DevOps/mcp_master/metrics-mcp/node_modules/readable-stream/lib/_stream_writable.js","function":"doWrite","line":390,"method":null,"native":false}]}
2025-03-16T05:30:27.776Z [ERROR] [Uncaught Exception] write EPIPE {"errno":-32,"code":"EPIPE","syscall":"write","stack":"Error: write EPIPE\n    at afterWriteDispatched (node:internal/stream_base_commons:161:15)\n    at writeGeneric (node:internal/stream_base_commons:152:3)\n    at Socket._writeGeneric (node:net:958:11)\n    at Socket._write (node:net:970:8)\n    at writeOrBuffer (node:internal/streams/writable:572:12)\n    at _write (node:internal/streams/writable:501:10)\n    at Writable.write (node:internal/streams/writable:510:10)\n    at Console.log (/data-nova/ax/DevOps/mcp_master/metrics-mcp/node_modules/winston/lib/winston/transports/console.js:87:23)\n    at Console._write (/data-nova/ax/DevOps/mcp_master/metrics-mcp/node_modules/winston-transport/modern.js:82:19)\n    at doWrite (/data-nova/ax/DevOps/mcp_master/metrics-mcp/node_modules/readable-stream/lib/_stream_writable.js:390:139)"}
2025-03-16T05:30:27.775Z [ERROR] [Uncaught Exception] write EPIPE {"errno":-32,"code":"EPIPE","syscall":"write","stack":"Error: write EPIPE\n    at afterWriteDispatched (node:internal/stream_base_commons:161:15)\n    at writeGeneric (node:internal/stream_base_commons:152:3)\n    at Socket._writeGeneric (node:net:958:11)\n    at Socket._write (node:net:970:8)\n    at writeOrBuffer (node:internal/streams/writable:572:12)\n    at _write (node:internal/streams/writable:501:10)\n    at Writable.write (node:internal/streams/writable:510:10)\n    at Console.log (/data-nova/ax/DevOps/mcp_master/metrics-mcp/node_modules/winston/lib/winston/transports/console.js:87:23)\n    at Console._write (/data-nova/ax/DevOps/mcp_master/metrics-mcp/node_modules/winston-transport/modern.js:82:19)\n    at doWrite (/data-nova/ax/DevOps/mcp_master/metrics-mcp/node_modules/readable-stream/lib/_stream_writable.js:390:139)"}
2025-03-16T05:30:27.776Z [ERROR] uncaughtException: write EPIPE
Error: write EPIPE
    at afterWriteDispatched (node:internal/stream_base_commons:161:15)
    at writeGeneric (node:internal/stream_base_commons:152:3)
    at Socket._writeGeneric (node:net:958:11)
    at Socket._write (node:net:970:8)
    at writeOrBuffer (node:internal/streams/writable:572:12)
    at _write (node:internal/streams/writable:501:10)
    at Writable.write (node:internal/streams/writable:510:10)
    at Console.log (/data-nova/ax/DevOps/mcp_master/metrics-mcp/node_modules/winston/lib/winston/transports/console.js:87:23)
    at Console._write (/data-nova/ax/DevOps/mcp_master/metrics-mcp/node_modules/winston-transport/modern.js:82:19)
    at doWrite (/data-nova/ax/DevOps/mcp_master/metrics-mcp/node_modules/readable-stream/lib/_stream_writable.js:390:139) {"error":{"errno":-32,"code":"EPIPE","syscall":"write"},"stack":"Error: write EPIPE\n    at afterWriteDispatched (node:internal/stream_base_commons:161:15)\n    at writeGeneric (node:internal/stream_base_commons:152:3)\n    at Socket._writeGeneric (node:net:958:11)\n    at Socket._write (node:net:970:8)\n    at writeOrBuffer (node:internal/streams/writable:572:12)\n    at _write (node:internal/streams/writable:501:10)\n    at Writable.write (node:internal/streams/writable:510:10)\n    at Console.log (/data-nova/ax/DevOps/mcp_master/metrics-mcp/node_modules/winston/lib/winston/transports/console.js:87:23)\n    at Console._write (/data-nova/ax/DevOps/mcp_master/metrics-mcp/node_modules/winston-transport/modern.js:82:19)\n    at doWrite (/data-nova/ax/DevOps/mcp_master/metrics-mcp/node_modules/readable-stream/lib/_stream_writable.js:390:139)","exception":true,"date":"Sat Mar 15 2025 22:30:27 GMT-0700 (Mountain Standard Time)","process":{"pid":2502578,"uid":1000,"gid":1001,"cwd":"/data-nova/ax/DevOps/personal/vaeris_synergy","execPath":"/usr/bin/node","version":"v20.19.0","argv":["/usr/bin/node","/data-nova/ax/DevOps/mcp_master/metrics-mcp/build/index.js"],"memoryUsage":{"rss":63295488,"heapTotal":12349440,"heapUsed":11665464,"external":2023922,"arrayBuffers":34039}},"os":{"loadavg":[4.43,4.67,4.19],"uptime":136494.09},"trace":[{"column":15,"file":"node:internal/stream_base_commons","function":"afterWriteDispatched","line":161,"method":null,"native":false},{"column":3,"file":"node:internal/stream_base_commons","function":"writeGeneric","line":152,"method":null,"native":false},{"column":11,"file":"node:net","function":"Socket._writeGeneric","line":958,"method":"_writeGeneric","native":false},{"column":8,"file":"node:net","function":"Socket._write","line":970,"method":"_write","native":false},{"column":12,"file":"node:internal/streams/writable","function":"writeOrBuffer","line":572,"method":null,"native":false},{"column":10,"file":"node:internal/streams/writable","function":"_write","line":501,"method":null,"native":false},{"column":10,"file":"node:internal/streams/writable","function":"Writable.write","line":510,"method":"write","native":false},{"column":23,"file":"/data-nova/ax/DevOps/mcp_master/metrics-mcp/node_modules/winston/lib/winston/transports/console.js","function":"Console.log","line":87,"method":"log","native":false},{"column":19,"file":"/data-nova/ax/DevOps/mcp_master/metrics-mcp/node_modules/winston-transport/modern.js","function":"Console._write","line":82,"method":"_write","native":false},{"column":139,"file":"/data-nova/ax/DevOps/mcp_master/metrics-mcp/node_modules/readable-stream/lib/_stream_writable.js","function":"doWrite","line":390,"method":null,"native":false}]}
2025-03-16T05:30:27.776Z [ERROR] [Uncaught Exception] write EPIPE {"errno":-32,"code":"EPIPE","syscall":"write","stack":"Error: write EPIPE\n    at afterWriteDispatched (node:internal/stream_base_commons:161:15)\n    at writeGeneric (node:internal/stream_base_commons:152:3)\n    at Socket._writeGeneric (node:net:958:11)\n    at Socket._write (node:net:970:8)\n    at writeOrBuffer (node:internal/streams/writable:572:12)\n    at _write (node:internal/streams/writable:501:10)\n    at Writable.write (node:internal/streams/writable:510:10)\n    at Console.log (/data-nova/ax/DevOps/mcp_master/metrics-mcp/node_modules/winston/lib/winston/transports/console.js:87:23)\n    at Console._write (/data-nova/ax/DevOps/mcp_master/metrics-mcp/node_modules/winston-transport/modern.js:82:19)\n    at doWrite (/data-nova/ax/DevOps/mcp_master/metrics-mcp/node_modules/readable-stream/lib/_stream_writable.js:390:139)"}
2025-03-16T05:30:27.776Z [ERROR] uncaughtException: write EPIPE
Error: write EPIPE
    at afterWriteDispatched (node:internal/stream_base_commons:161:15)
    at writeGeneric (node:internal/stream_base_commons:152:3)
    at Socket._writeGeneric (node:net:958:11)
    at Socket._write (node:net:970:8)
    at writeOrBuffer (node:internal/streams/writable:572:12)
    at _write (node:internal/streams/writable:501:10)
    at Writable.write (node:internal/streams/writable:510:10)
    at Console.log (/data-nova/ax/DevOps/mcp_master/metrics-mcp/node_modules/winston/lib/winston/transports/console.js:87:23)
    at Console._write (/data-nova/ax/DevOps/mcp_master/metrics-mcp/node_modules/winston-transport/modern.js:82:19)
    at doWrite (/data-nova/ax/DevOps/mcp_master/metrics-mcp/node_modules/readable-stream/lib/_stream_writable.js:390:139) {"error":{"errno":-32,"code":"EPIPE","syscall":"write"},"stack":"Error: write EPIPE\n    at afterWriteDispatched (node:internal/stream_base_commons:161:15)\n    at writeGeneric (node:internal/stream_base_commons:152:3)\n    at Socket._writeGeneric (node:net:958:11)\n    at Socket._write (node:net:970:8)\n    at writeOrBuffer (node:internal/streams/writable:572:12)\n    at _write (node:internal/streams/writable:501:10)\n    at Writable.write (node:internal/streams/writable:510:10)\n    at Console.log (/data-nova/ax/DevOps/mcp_master/metrics-mcp/node_modules/winston/lib/winston/transports/console.js:87:23)\n    at Console._write (/data-nova/ax/DevOps/mcp_master/metrics-mcp/node_modules/winston-transport/modern.js:82:19)\n    at doWrite (/data-nova/ax/DevOps/mcp_master/metrics-mcp/node_modules/readable-stream/lib/_stream_writable.js:390:139)","exception":true,"date":"Sat Mar 15 2025 22:30:27 GMT-0700 (Mountain Standard Time)","process":{"pid":764433,"uid":1000,"gid":1001,"cwd":"/data-nova/ax/DevOps/personal/vaeris_synergy","execPath":"/usr/bin/node","version":"v20.18.3","argv":["/usr/bin/node","/data-nova/ax/DevOps/mcp_master/metrics-mcp/build/index.js"],"memoryUsage":{"rss":63770624,"heapTotal":12611584,"heapUsed":11350600,"external":2053844,"arrayBuffers":33109}},"os":{"loadavg":[4.43,4.67,4.19],"uptime":136494.09},"trace":[{"column":15,"file":"node:internal/stream_base_commons","function":"afterWriteDispatched","line":161,"method":null,"native":false},{"column":3,"file":"node:internal/stream_base_commons","function":"writeGeneric","line":152,"method":null,"native":false},{"column":11,"file":"node:net","function":"Socket._writeGeneric","line":958,"method":"_writeGeneric","native":false},{"column":8,"file":"node:net","function":"Socket._write","line":970,"method":"_write","native":false},{"column":12,"file":"node:internal/streams/writable","function":"writeOrBuffer","line":572,"method":null,"native":false},{"column":10,"file":"node:internal/streams/writable","function":"_write","line":501,"method":null,"native":false},{"column":10,"file":"node:internal/streams/writable","function":"Writable.write","line":510,"method":"write","native":false},{"column":23,"file":"/data-nova/ax/DevOps/mcp_master/metrics-mcp/node_modules/winston/lib/winston/transports/console.js","function":"Console.log","line":87,"method":"log","native":false},{"column":19,"file":"/data-nova/ax/DevOps/mcp_master/metrics-mcp/node_modules/winston-transport/modern.js","function":"Console._write","line":82,"method":"_write","native":false},{"column":139,"file":"/data-nova/ax/DevOps/mcp_master/metrics-mcp/node_modules/readable-stream/lib/_stream_writable.js","function":"doWrite","line":390,"method":null,"native":false}]}
2025-03-16T05:30:27.776Z [ERROR] [Uncaught Exception] write EPIPE {"errno":-32,"code":"EPIPE","syscall":"write","stack":"Error: write EPIPE\n    at afterWriteDispatched (node:internal/stream_base_commons:161:15)\n    at writeGeneric (node:internal/stream_base_commons:152:3)\n    at Socket._writeGeneric (node:net:958:11)\n    at Socket._write (node:net:970:8)\n    at writeOrBuffer (node:internal/streams/writable:572:12)\n    at _write (node:internal/streams/writable:501:10)\n    at Writable.write (node:internal/streams/writable:510:10)\n    at Console.log (/data-nova/ax/DevOps/mcp_master/metrics-mcp/node_modules/winston/lib/winston/transports/console.js:87:23)\n    at Console._write (/data-nova/ax/DevOps/mcp_master/metrics-mcp/node_modules/winston-transport/modern.js:82:19)\n    at doWrite (/data-nova/ax/DevOps/mcp_master/metrics-mcp/node_modules/readable-stream/lib/_stream_writable.js:390:139)"}
